CBO2002,Scholarity,contract_hours,age,avg_salary,min_salary,gender,employment_time
214205,3,44,41,3392,6.22,1,35.9
214205,5,20,37,3148.47,5.77,1,37.9
214205,5,44,24,2713.56,4.97,1,72.9
214205,5,44,35,1759.67,3.22,1,19.1
214205,5,44,41,1924.12,3.52,1,1.9
214205,6,44,41,2454.57,4.5,1,2.9
214205,7,44,23,1479.67,2.71,1,14.9
214205,7,44,36,5828.97,10.69,1,0.3
214205,7,30,27,3270,6,1,5.9
214205,7,10,48,1090,2,1,7.9
214205,7,44,28,1475.77,2.7,1,32.5
214205,7,44,33,3300,6.05,1,9.9
214205,7,44,47,3270,6,1,7.9
214205,7,40,48,6500,11.92,1,6.7
214205,7,22,33,3500,6.42,1,6.5
214205,7,22,36,3270,6,1,0.8
214205,7,40,28,5071.52,9.31,1,36.9
214205,7,44,31,5997.73,11.01,1,131.9
214205,7,30,23,3593.91,6.6,1,35.9
214205,7,35,61,4043.63,7.42,1,70.8
214205,7,36,26,3328.55,6.11,1,28.9
214205,7,44,23,1200,2.2,1,6.9
214205,7,44,32,4725.66,8.68,1,92.6
214205,7,44,43,4710.99,8.66,1,140.9
214205,7,44,32,5165.54,9.47,1,92.6
214205,7,44,43,5033.58,9.23,1,140.9
214205,7,20,35,3299.72,6.05,1,10.9
214205,7,44,23,3731.44,6.85,1,17.9
214205,7,20,46,1259.08,2.3,1,10.5
214205,7,44,40,2185.14,4.01,1,74.9
214205,7,44,42,2875.93,5.32,1,15.5
214205,7,44,26,1916.1,3.51,1,31
214205,7,44,31,1990.49,3.65,1,10.2
214205,7,44,42,2376.08,4.4,1,15.5
214205,7,44,26,2990.11,5.48,1,31
214205,7,44,31,2031.21,3.72,1,10.2
214205,7,44,26,348.38,0.63,1,31
214205,7,44,42,1920.88,3.51,1,15.5
214205,7,44,24,2191.13,4.02,1,16.9
214205,7,44,31,1372.66,2.51,1,10.2
214205,7,44,42,2235.97,4.1,1,15.5
214205,7,44,37,4717,8.66,1,13.4
214205,7,44,30,4990.09,9.15,1,5.9
214205,7,20,50,3270,6,1,6.9
214205,8,40,22,753.38,1.37,1,5.8
214205,8,44,22,806.66,1.47,1,12.8
214205,8,44,24,1150,2.11,1,31.6
214205,8,44,25,2649.07,4.85,1,7.6
214205,8,44,28,1989.11,3.65,1,12.3
214205,8,44,24,3252.3,5.96,1,91.8
214205,8,44,23,3199.58,5.87,1,11.7
214205,8,44,25,4156.62,7.63,1,43.8
214205,8,44,25,2807.4,5.15,1,28.2
214205,8,40,24,1929.26,3.53,1,30.4
214205,8,40,24,3628.32,6.65,1,6.9
214205,8,30,32,3717.33,6.81,1,8.9
214205,8,44,26,5480.8,10.06,1,33.6
214205,8,30,23,3324.5,6.1,1,5.9
214205,8,44,27,1633.75,2.99,1,22.4
214205,8,44,24,2515.5,4.6,1,9.9
214205,8,44,26,1953.66,3.58,1,12.9
214205,8,44,24,2250.91,4.13,1,20.9
214205,9,20,54,3270,6,1,5.9
214205,9,44,25,822.49,1.5,1,7.9
214205,9,23,42,3364.75,6.18,1,71.6
214205,9,44,64,5730.73,10.52,1,87.9
214205,9,36,29,3884.98,7.13,1,14.1
214205,9,36,53,3358.95,6.16,1,1.9
214205,9,30,27,3733.05,6.84,1,5.8
214205,9,30,27,3481.47,6.38,1,5.8
214205,9,44,27,3441.11,6.32,1,68.9
214205,9,44,52,3310.97,6.08,1,11.9
214205,9,44,50,4630,8.5,1,20.9
214205,9,20,27,3451.66,6.33,1,2.9
214205,9,44,43,5622.39,10.33,1,32.9
214205,9,44,27,5480.22,10.04,1,9.9
214205,9,40,51,4632.5,8.5,1,0.9
214205,9,36,29,4326.72,7.94,1,65.8
214205,9,44,41,8933.76,16.41,1,20.9
214205,9,44,45,2028.4,3.71,1,5.9
214205,9,40,27,5032.16,9.24,1,22.9
214205,9,36,37,3358.32,6.17,1,54.9
214205,9,36,25,3308.92,6.07,1,2.9
214205,9,22,43,2861.24,5.24,1,7.2
214205,9,36,39,3324.5,6.1,1,7.9
214205,9,40,34,5443.76,9.99,1,29.3
214205,9,44,23,3717.58,6.81,1,5.5
214205,9,44,25,2539.68,4.65,1,2.6
214205,9,22,59,3060,5.61,1,16.9
214205,9,10,55,3225.61,5.92,1,34.9
214205,9,44,25,2479.72,4.55,1,20
214205,9,44,25,2690.22,4.93,1,20
214205,9,44,35,3334.78,6.12,1,26.1
214205,9,20,37,3352.51,6.15,1,52.9
214205,9,44,30,3729.09,6.84,1,10.9
214205,9,44,26,3217.5,5.91,1,12.9
214205,9,44,34,7101.1,13.02,1,4.9
214205,9,44,33,6656.72,12.23,1,33.9
214205,9,22,51,3304.36,6.07,1,17.8
214205,9,22,49,3225,5.92,1,10.5
214205,9,44,24,2015.1,3.68,1,8.5
214205,9,20,41,3200,5.87,1,16.9
214205,9,44,45,5030.76,9.23,1,2.4
214205,9,44,24,4971,9.13,1,11.1
214205,9,44,57,4832.33,8.86,1,8.9
214205,9,44,26,4500,8.25,1,4.9
214205,9,44,60,4920.33,9.03,1,81.9
214205,9,44,65,4857.63,8.91,1,10.9
214205,9,44,56,5460.33,10.02,1,81.9
214205,9,44,34,4962.83,9.11,1,48.4
214205,9,44,32,4857.63,8.91,1,10.9
214205,9,44,31,4108.06,7.53,1,9.9
214205,9,44,49,4743.38,8.71,1,46.6
214205,9,44,55,4681.92,8.59,1,3.6
214205,9,44,38,4791.8,8.8,1,41.3
214205,9,44,32,4760.6,8.74,1,26.5
214205,9,44,29,4925.62,9.04,1,44.5
214205,9,44,49,6365.33,11.67,1,41.9
214205,9,44,47,5151,9.46,1,63.6
214205,9,44,39,4681.92,8.59,1,5.6
214205,9,40,31,2249.85,4.12,1,29.9
214205,9,40,25,2405.85,4.41,1,29.9
214205,9,40,27,2249.85,4.12,1,28.5
214205,9,40,58,2408.46,4.41,1,4
214205,9,40,57,2249.85,4.12,1,30
214205,9,40,40,6776.3,12.43,1,0.3
214205,9,40,33,8361.43,15.36,1,38.8
214205,9,44,36,5757.35,10.57,1,22.2
214205,9,44,50,3396.65,6.23,1,27.9
214205,9,44,42,3355.83,6.16,1,75.3
214205,9,44,60,600.07,1.09,1,26.9
214205,9,40,48,1200,2.2,1,17.3
214205,9,44,46,1095.77,2.01,1,75.7
214205,9,44,40,5066.66,9.29,1,4.5
214205,9,20,62,3272.51,6,1,65.9
214205,9,20,44,3270,6,1,1.9
214205,9,10,39,545,1,1,5.9
214205,9,44,31,3219.09,5.91,1,15.8
214205,9,20,30,2786.53,5.11,1,7.6
214205,9,44,27,4481.27,8.21,1,4.9
214205,9,44,32,4488.96,8.23,1,4.9
214205,9,44,28,4490.47,8.23,1,0.5
214205,9,22,48,1313.04,2.4,1,70.9
214205,9,22,58,3297,6.05,1,21.8
214205,9,22,50,2700,4.95,1,8.9
214205,9,30,57,3300.27,6.05,1,5.5
214205,9,30,52,3270,6,1,3.1
214205,9,44,41,5053.48,9.28,1,27.9
214205,9,22,28,3889.16,7.14,1,35.7
214205,9,24,39,3339.7,6.13,1,37.9
214205,9,20,51,1887.2,3.46,1,71.6
214205,9,30,34,3847.67,7.05,1,0.9
214205,9,44,55,4905,9,1,9.9
214205,9,20,30,1263.41,2.31,1,1.9
214205,9,33,31,4551.15,8.35,1,50.9
214205,9,20,44,3364.9,6.18,1,22.9
214205,9,22,61,3364.92,6.18,1,21.9
214205,9,40,34,3693.88,6.77,1,62.7
214205,9,44,38,569.37,1.04,1,59.9
214205,9,30,33,3311.51,6.08,1,18.9
214205,9,20,46,1667.6,3.05,1,1.9
214205,9,44,34,641.66,1.17,1,53.7
214205,9,22,32,1090,2,1,6.9
214205,9,44,29,1500,2.75,1,11.5
214205,9,44,41,4425.74,8.12,1,44.4
214205,9,40,70,10922.55,20.06,1,317.6
214205,9,40,56,21501.54,39.5,1,368.7
214205,9,40,32,8496.92,15.6,1,76.9
214205,9,44,34,6565,12.05,1,15.5
214205,9,44,39,9032.48,16.59,1,11.9
214205,9,44,29,6752.07,12.39,1,28.3
214205,9,44,23,3779.5,6.93,1,4.4
214205,9,44,36,8000,14.67,1,1.4
214205,9,44,34,7962.5,14.62,1,19.9
214205,9,40,38,5186.57,9.52,1,38.9
214205,9,20,26,3270,6,1,6.5
214205,9,30,31,3614.81,6.63,1,41.9
214205,9,20,47,3986.19,7.32,1,37.9
214205,9,44,38,5188.38,9.53,1,23.6
214205,9,36,48,3283.16,6.03,1,20.9
214205,9,30,25,3267.27,6,1,10.9
214205,9,20,28,2226.15,4.07,1,3.9
214205,9,22,27,1433.75,2.62,1,31.9
214205,9,44,39,13797.57,25.34,1,23.9
214205,9,22,51,3304.36,6.07,1,17.8
214205,9,44,33,3060,5.61,1,11.9
214205,9,44,32,4595.12,8.43,1,40.9
214205,9,44,34,4595.12,8.43,1,19.9
214205,9,44,25,2040,3.73,1,4.9
214205,9,22,45,3328.36,6.11,1,51.9
214205,9,44,48,4936.23,9.06,1,26.9
214205,9,44,42,3558.43,6.53,1,43.3
214205,9,44,47,4971.93,9.13,1,18.9
214205,9,44,51,3260.19,5.98,1,33.9
214205,9,44,48,4948.98,9.09,1,31.8
214205,9,44,30,9633.26,17.67,1,7.9
214205,9,44,26,4930.17,9.05,1,32.9
214205,9,30,54,3290.18,6.03,1,5.8
214205,9,20,47,3325.83,6.11,1,43.9
214205,9,22,55,1643.01,3.01,1,13.9
214205,9,44,36,5544.26,10.16,1,8.9
214205,9,44,31,4219.44,7.74,1,32.9
214205,9,30,33,3265,6,1,16.9
214205,9,36,31,3163.02,5.8,1,23.6
214205,9,22,45,3328.36,6.11,1,31.8
214205,9,20,34,3328.36,6.11,1,31.4
214205,9,44,29,4997.51,9.16,1,7.4
214205,9,44,27,3774.16,6.93,1,13.9
214205,9,44,25,4324.44,7.93,1,22.9
214205,9,36,24,1801.32,3.3,1,6.9
214205,9,36,24,1342.38,2.45,1,16.8
214205,9,36,25,4007.28,7.35,1,16.9
214205,9,36,24,355.23,0.65,1,16.8
214205,9,36,24,2131.39,3.91,1,16.8
214205,9,36,24,1243.31,2.28,1,16.8
214205,9,36,24,218,0.4,1,6.9
214205,9,36,25,2926.5,5.41,1,16.9
214205,9,36,24,2127.27,3.9,1,16.8
214205,9,36,24,2136.91,3.91,1,6.9
214205,9,36,24,1149.6,2.12,1,16.8
214205,9,36,24,575.28,1.05,1,16.8
214205,9,36,24,819.15,1.5,1,16.8
214205,9,36,24,1952.56,3.57,1,16.8
214205,9,36,24,1160.24,2.12,1,16.8
214205,9,36,24,919.53,1.68,1,16.8
214205,9,36,25,168.15,0.3,1,16.9
214205,9,36,24,632.81,1.16,1,16.8
214205,9,36,25,4879.27,8.94,1,16.9
214205,9,44,30,5097.33,9.36,1,26.9
214205,9,36,24,401.32,0.73,1,6.9
214205,9,36,24,1114.38,2.04,1,6.9
214205,9,44,54,2411.77,4.42,1,44.9
214205,9,44,54,2482.5,4.55,1,44.9
214205,9,36,25,858.53,1.57,1,16.9
214205,9,36,24,1163.88,2.13,1,16.8
214205,9,36,24,1658.53,3.03,1,6.9
214205,9,36,24,2140.36,3.92,1,6.9
214205,9,44,24,4953.33,9.09,1,15.5
214205,9,30,33,3132.93,5.75,1,29.9
214205,9,40,42,6788.31,12.45,1,1.9
214205,9,3,56,3836.19,7.04,1,10.6
214205,9,30,40,3100,5.69,1,14.8
214205,9,44,43,4405.81,8.09,1,17.9
214205,9,40,29,5576.38,10.23,1,7.9
214205,9,40,38,5402.18,9.92,1,29.5
214205,9,44,25,2024.8,3.7,1,4.5
214205,9,44,36,8142.01,14.93,1,8.9
214205,9,44,25,6359.3,11.68,1,11.9
214205,9,44,33,5685,10.43,1,6.9
214205,9,44,36,8052.84,14.79,1,11.9
214205,9,24,42,3202.27,5.88,1,30.9
214205,9,44,43,1632.5,3,1,38.9
214205,9,7,48,1134.78,2.08,1,5.7
214205,9,44,27,5701.87,10.47,1,23.6
214205,9,40,32,4582.03,8.41,1,14.8
214205,9,44,26,4596.49,8.44,1,19.7
214205,9,40,25,3465.06,6.35,1,9.5
214205,9,20,30,587.23,1.07,1,10.7
214205,9,20,30,575.19,1.05,1,10.7
214205,9,20,30,490.5,0.9,1,10.7
214205,9,20,30,341.71,0.62,1,10.7
214205,9,20,30,344.19,0.62,1,10.7
214205,9,20,30,218,0.4,1,10.7
214205,9,20,30,3267.27,6,1,10.7
214205,9,20,30,210.92,0.38,1,10.7
214205,9,44,26,1500,2.75,1,5.9
214205,9,22,56,2945,5.4,1,34.6
214205,9,41,28,5282.84,9.7,1,11.6
214205,9,44,30,4835.68,8.86,1,14.9
214205,9,41,26,3440.67,6.31,1,12.4
214205,9,41,24,4781.74,8.78,1,21.7
214205,9,44,28,5777.77,10.61,1,17.8
214205,9,44,25,4949.34,9.09,1,13.9
214205,9,44,33,5180.73,9.5,1,6.8
214205,9,10,24,3380.83,6.19,1,17.6
214205,9,22,49,3270,6,1,0.9
214205,9,10,24,2034.24,3.75,1,17.6
214205,9,10,24,3294,6.04,1,17.6
214205,9,10,24,2966,5.44,1,17.6
214205,9,30,33,3379,6.2,1,3.7
214205,9,44,25,4999.99,9.17,1,7.6
214205,9,44,33,7000,12.84,1,4.7
214205,9,44,29,7300,13.39,1,4.9
214205,9,44,36,4735.44,8.68,1,4.2
214205,9,44,54,2180,4,1,2.9
214205,9,36,29,3707.6,6.8,1,15.9
214205,9,44,35,3608.27,6.62,1,0.9
214205,9,33,27,3299.26,6.05,1,15.3
214205,9,40,35,3117.2,5.72,1,24
214205,9,40,32,3914.8,7.18,1,18.7
214205,9,40,41,3203.23,5.88,1,22.9
214205,9,40,32,3610.98,6.63,1,88.9
214205,9,44,57,3300,6.06,1,13.9
214205,9,44,39,1012.02,1.85,1,1
214205,9,44,42,4372,8.02,1,11.9
214205,9,36,34,3267.27,6,1,10.9
214205,9,8,33,6943.33,12.75,1,110.9
214205,9,44,39,4590,8.42,1,9.9
214205,9,36,23,3270,6,1,8.8
214205,9,40,49,4905,9,1,4.9
214205,9,28,32,3385.75,6.21,1,20.8
214205,9,8,33,4877.5,8.95,1,13.9
214205,9,8,34,6171.19,11.32,1,9.3
214205,9,8,28,5360,9.83,1,6.9
214205,9,44,29,5444.28,10,1,21.9
214205,9,44,47,3309.96,6.07,1,18.9
214205,9,44,40,1639.16,3,1,25.9
214205,9,20,34,3410.7,6.25,1,9.2
214205,9,44,39,10437.27,19.16,1,10.4
214205,9,36,32,3580.15,6.57,1,26.9
214205,9,44,34,4915.45,9.03,1,15.5
214205,9,44,41,4892.75,8.99,1,23.8
214205,9,44,24,4882.98,8.96,1,15.5
214205,9,40,30,4452.27,8.16,1,21.6
214205,9,40,35,5125.17,9.39,1,21.6
214205,9,44,41,3265,6,1,11.8
214205,9,44,23,1500,2.75,1,4.9
214205,9,40,49,4014.45,7.36,1,3.9
214205,9,20,32,3270,6,1,3.3
214205,9,22,53,6000,11.01,1,18.9
214205,9,10,27,1498.69,2.74,1,9.9
214205,9,22,30,803.56,1.47,1,18.6
214205,9,44,32,7000,12.84,1,3.9
214205,9,44,53,19560,35.88,1,4.9
214205,9,44,25,4847.64,8.89,1,18.9
214205,9,44,29,5714,10.49,1,19.2
214205,9,44,33,5832.11,10.71,1,19.6
214205,9,44,23,4042.98,7.41,1,8.6
214205,9,36,44,3320.96,6.08,1,5.9
214205,9,44,33,3285.54,6.02,1,7.4
214205,9,44,25,3816.16,7.01,1,16.4
214205,9,20,30,2031.8,3.72,1,1.9
214205,9,44,31,4077.73,7.47,1,7.7
214205,9,44,23,3044.67,5.58,1,8.9
214205,9,44,26,5285.15,9.7,1,10.9
214205,9,30,27,3344.32,6.13,1,4.9
214205,9,20,34,3742.66,6.86,1,8.9
214205,9,44,23,3323.84,6.1,1,11.9
214205,9,22,23,1146.47,2.1,1,2.2
214205,9,40,32,4856.66,8.9,1,5.3
214205,9,44,44,4234.25,7.77,1,11.4
214205,9,36,37,3586.33,6.58,1,13.9
214205,9,44,23,3130.49,5.73,1,9
214205,9,20,54,3240,5.94,1,10.9
214205,9,44,20,705,1.29,1,10.9
214205,9,20,35,3508.55,6.44,1,11.9
214205,9,25,28,1000,1.83,1,3.9
214205,9,22,49,3395.41,6.23,1,9.9
214205,9,22,40,2943,5.4,1,4.9
214205,9,30,48,3301.14,6.05,1,4.6
214205,9,44,54,5003.1,9.18,1,4.7
214205,9,30,48,3308.92,6.07,1,2.9
214205,9,30,39,8000,14.67,1,2.9
214205,9,20,31,3270,6,1,4.4
214205,9,20,29,3308.47,6.06,1,4.4
214205,9,20,31,3280.9,6.02,1,4.4
214205,9,20,29,3534.66,6.48,1,4.4
214205,9,20,29,3270,6,1,4.4
214205,9,44,29,4406.7,8.09,1,21.9
214205,9,44,33,10936.54,20.09,1,37.5
214205,9,44,26,6452.78,11.83,1,3.9
214205,9,44,30,5795.66,10.64,1,63.8
214205,9,44,30,5795.66,10.64,1,26.3
214205,9,44,34,11777.92,21.63,1,86.5
214205,9,40,29,3865.27,7.09,1,39.9
214205,9,40,30,7012.63,12.88,1,14.8
214205,9,40,33,5055.03,9.28,1,14.9
214205,9,40,44,5275.14,9.68,1,15.9
214205,9,40,30,7711.96,14.16,1,20.9
214205,9,40,53,11296.04,20.75,1,307.8
214205,9,40,26,5017.26,9.21,1,23.8
214205,9,44,53,10079.07,18.51,1,33.6
214205,9,44,38,6628.25,12.17,1,103.7
214205,9,40,61,11392.69,20.93,1,433.8
214205,9,40,56,12150.23,22.32,1,378.4
214205,9,40,52,11142.98,20.47,1,319.2
214205,9,44,67,3606.91,6.62,1,15.9
214205,9,44,65,20453.21,37.57,1,28.8
214205,9,44,69,21427,39.36,1,18.9
214205,9,44,54,17780.56,32.66,1,32.7
214205,9,44,55,22032.67,40.47,1,40.9
214205,9,44,52,13323.43,24.47,1,23.7
214205,9,44,50,11834.86,21.74,1,38.9
214205,9,44,48,15871.09,29.15,1,27.5
214205,9,44,48,16042.1,29.47,1,51.6
214205,9,40,38,11031.86,20.26,1,29.7
214205,9,40,32,7251.35,13.31,1,50.6
214205,9,40,38,11401.05,20.94,1,46.4
214205,9,44,31,7124.33,13.08,1,19.5
214205,9,44,44,5820.72,10.67,1,9.6
214205,9,44,32,7628.12,14.01,1,34.9
214205,9,44,27,7094.88,13.01,1,9.5
214205,9,44,35,14538.21,26.7,1,21.9
214205,9,44,26,6188.05,11.35,1,2.5
214205,9,40,32,20824.08,38.26,1,28.8
214205,9,40,24,3511.22,6.43,1,8.8
214205,9,44,30,7551.94,13.86,1,28.9
214205,9,44,33,10348.8,19.01,1,13.9
214205,9,44,32,5772.8,10.6,1,16.4
214205,9,44,32,8743.16,16.06,1,63.8
214205,9,44,30,7243.19,13.3,1,34.9
214205,9,44,29,6719.69,12.34,1,16.4
214205,9,40,29,7271.72,13.35,1,80.8
214205,9,44,28,8726.22,16.02,1,41.9
214205,9,44,25,6128.43,11.24,1,6.9
214205,9,40,29,5308.35,9.76,1,74.4
214205,9,44,26,6606.09,12.13,1,16.4
214205,9,40,32,7323.85,13.45,1,36.9
214205,9,40,36,5461.72,10.03,1,52.5
214205,9,40,26,5135.06,9.43,1,27.9
214205,9,44,29,5338.58,9.8,1,22.4
214205,9,44,24,6226.37,11.43,1,16.4
214205,9,44,37,9046.38,16.59,1,3.6
214205,9,44,49,4892.5,8.97,1,4.2
214205,9,44,29,5109.16,9.38,1,33.2
214205,9,40,41,10872.84,19.98,1,132.9
214205,9,44,31,6898.76,12.67,1,47.9
214205,9,44,40,8377.05,15.38,1,100.8
214205,9,44,33,3583.57,6.58,1,56.9
214205,9,44,50,6101.04,11.21,1,52.5
214205,9,44,26,4021.49,7.37,1,6.5
214205,9,44,33,7790.83,14.3,1,80.8
214205,9,44,41,5175.43,9.5,1,16.1
214205,9,44,47,7207.6,13.23,1,109.3
214205,9,40,47,8385.55,15.39,1,24.9
214205,9,44,55,9903.64,18.19,1,11.9
214205,9,44,33,3463.13,6.35,1,117.4
214205,9,44,54,17121.17,31.45,1,35.9
214205,9,44,26,4511.37,8.27,1,2.9
214205,9,44,33,3463.13,6.35,1,117.4
214205,9,44,64,5887.64,10.81,1,94.9
214205,9,20,44,3355.83,6.16,1,178.9
214205,9,44,34,1215.75,2.22,1,101.9
214205,9,40,53,5199.99,9.54,1,0.8
214205,9,36,31,3816.83,7,1,30.9
214205,9,36,29,3890.35,7.13,1,9.4
214205,9,44,32,4525.64,8.31,1,22.7
214205,9,44,55,3409.84,6.26,1,58.9
214205,9,44,29,4382.78,8.05,1,47.9
214205,9,36,26,3242.45,5.95,1,10.9
214205,9,44,34,1435.36,2.63,1,16.9
214205,9,44,30,1432.07,2.62,1,90.9
214205,9,44,27,3379,6.2,1,9.9
214205,9,44,28,6557.9,12.04,1,14.9
214205,9,44,57,5760.72,10.57,1,4.9
214205,9,44,29,2294.42,4.2,1,3.1
214205,9,44,23,2713.14,4.97,1,6.3
214205,9,44,34,7753.6,14.24,1,52.9
214205,9,44,41,2723.04,5,1,34.9
214205,9,44,32,5222.96,9.59,1,16.9
214205,9,8,40,6732.05,12.36,1,22.9
214205,9,44,24,2713.14,4.97,1,6.2
214205,9,44,29,1971.75,3.62,1,116.9
214205,9,44,37,6483.55,11.91,1,15.3
214205,9,44,39,4270.65,7.84,1,202.2
214205,9,44,33,6562.71,12.05,1,16.9
214205,9,44,28,3719.16,6.83,1,20.1
214205,9,44,37,8000.2,14.67,1,9.9
214205,9,44,30,5002.22,9.18,1,17.9
214205,9,25,39,3924.22,7.2,1,17.9
214205,9,44,43,5061.66,9.3,1,17.9
214205,9,44,29,4936.25,9.07,1,13
214205,9,44,43,5313.75,9.75,1,3.9
214205,9,44,52,10140,18.6,1,3.9
214205,9,44,51,8302.61,15.26,1,246.9
214205,9,20,26,1656.24,3.04,1,22.9
214205,9,40,51,4216.34,7.72,1,3.5
214205,9,40,26,3534.02,6.48,1,26.3
214205,9,30,31,3293.91,6.05,1,20.9
214205,9,44,33,7414.23,13.62,1,26.1
214205,9,36,47,3104.3,5.69,1,174.9
214205,9,44,34,7775,14.28,1,32.5
214205,9,44,42,7933.12,14.57,1,23.8
214205,9,44,26,4273.81,7.84,1,34.9
214205,9,44,25,4059.46,7.45,1,21.8
214205,9,22,30,4254.65,7.81,1,68.8
214205,9,36,37,4411.47,8.1,1,84.9
214205,9,44,62,4679.75,8.58,1,9
214205,9,44,30,4800,8.8,1,1.9
214205,9,44,52,12803.91,23.51,1,230.9
214205,9,44,30,6871.31,12.6,1,7.2
214205,9,44,25,4905,9,1,4.9
214205,9,44,28,10168.67,18.67,1,32.5
214205,9,44,30,5642.2,10.36,1,38.3
214205,9,44,24,5622,10.32,1,21.9
214205,9,44,27,5008.55,9.19,1,9.2
214205,9,44,24,4897.5,8.99,1,11.5
214205,9,44,28,5129.81,9.41,1,4.5
214205,9,44,35,4800,8.8,1,1.5
214205,9,20,62,3225,5.92,1,25.9
214205,9,44,35,8029.63,14.74,1,51.3
214205,9,44,35,14387.31,26.39,1,5.1
214205,9,44,31,5150.25,9.45,1,1.2
214205,9,40,46,4999.99,9.17,1,10.9
214205,9,44,26,4995.83,9.16,1,8.9
214205,9,44,27,4754.09,8.73,1,28.9
214205,9,44,57,5363.13,9.84,1,37.9
214205,9,30,27,3192,5.85,1,2.9
214205,9,44,30,5719.44,10.5,1,58.5
214205,9,44,69,5071.52,9.31,1,212.8
214205,9,44,67,4936.5,9.06,1,350.9
214205,9,40,31,4900.9,8.99,1,10.9
214205,9,44,56,5074.22,9.32,1,226.9
214205,9,40,31,4914.83,9.03,1,30.7
214205,9,44,62,4723.75,8.67,1,18.9
214205,9,44,57,4905,9,1,4.9
214205,9,44,51,5041.25,9.26,1,28.6
214205,9,44,58,4822.5,8.86,1,31.9
214205,9,33,56,4803.33,8.82,1,22.7
214205,9,33,57,4723.75,8.67,1,22.9
214205,9,33,60,4723.75,8.67,1,21.9
214205,9,44,58,4723.75,8.67,1,16.3
214205,9,44,47,4905,9,1,1.9
214205,9,33,49,4860,8.92,1,23.2
214205,9,44,29,4905,9,1,7.6
214205,9,44,43,4905,9,1,2.9
214205,9,44,30,4905,9,1,4.2
214205,9,33,36,4723.75,8.67,1,22.9
214205,9,44,26,4905,9,1,2.9
214205,9,44,58,3505.72,6.43,1,93.9
214205,9,20,39,2358.38,4.33,1,60.8
214205,9,36,27,3780,6.93,1,2.9
214205,9,5,28,1609,2.95,1,8.8
214205,9,20,28,2232.63,4.09,1,6.5
214205,9,22,33,2249.39,4.12,1,54.5
214205,9,36,29,4199.98,7.71,1,61.4
214205,9,44,26,4521.56,8.3,1,20.8
214205,9,44,24,3043.46,5.58,1,20.6
214205,9,22,35,3523.59,6.46,1,36.9
214205,9,44,43,4104.27,7.52,1,9.9
214205,9,44,39,6668.52,12.25,1,166.9
214205,9,44,53,4317.08,7.92,1,91.4
214205,9,44,37,3424,6.27,1,5.9
214205,9,40,33,5041.53,9.25,1,44.9
214205,9,33,33,3360,6.17,1,82.9
214205,9,44,28,3000,5.5,1,1.9
214205,9,44,50,5607.7,10.3,1,159.9
214205,9,44,28,1072.6,1.96,1,47.9
214205,9,44,51,4992.3,9.24,1,148.6
214205,9,44,44,5594.4,10.27,1,29.2
214205,9,44,51,5446.35,9.99,1,148.6
214205,9,40,51,2020.25,3.7,1,13.9
214205,9,44,29,1915.6,3.51,1,162.9
214205,9,44,35,5103.4,9.37,1,147.9
214205,9,36,36,3640.1,6.68,1,57.5
214205,9,36,32,3633.45,6.67,1,93.5
214205,9,24,34,3268.75,6,1,17.9
214205,9,24,43,3270,6,1,0.8
214205,9,44,34,4790.07,8.79,1,84.9
214205,9,44,32,4634.66,8.5,1,17.6
214205,9,44,35,4785.99,8.79,1,50.9
214205,9,44,40,5160.96,9.48,1,26.2
214205,9,44,39,4800.51,8.81,1,32.9
214205,9,44,37,4634.66,8.5,1,18.3
214205,9,44,32,4752,8.71,1,6.3
214205,9,26,54,2724,5,1,11.8
214205,9,44,34,4713.96,8.65,1,20.3
214205,9,44,30,3639.26,6.68,1,34.2
214205,9,44,47,5686,10.42,1,9.9
214205,9,22,41,4410.51,8.1,1,167.8
214205,9,44,63,3271.03,6,1,76.9
214205,9,44,40,7502.7,13.77,1,61.8
214205,9,44,30,4738.99,8.7,1,37.9
214205,9,44,33,5478.83,10.05,1,123.9
214205,9,30,25,2000,3.66,1,4.2
214205,9,44,34,4903.71,9,1,103.9
214205,9,30,37,2446.66,4.49,1,153.9
214205,9,44,25,3270,6,1,51.9
214205,9,30,26,3369.91,6.19,1,17.9
214205,9,30,40,3299.06,6.05,1,205.9
214205,9,30,40,3253.71,5.98,1,205.9
214205,9,36,52,3270,6,1,63.5
214205,9,36,52,3276.85,6.02,1,63.5
214205,9,44,26,3360.83,6.17,1,22.6
214205,9,44,34,5002,9.18,1,16.5
214205,9,44,29,5281.66,9.7,1,14.1
214205,9,44,34,4905,9,1,4.7
214205,9,44,27,5824,10.7,1,46.9
214205,9,44,28,5500,10.09,1,8.8
214205,9,44,33,4313.29,7.94,1,96.9
214205,9,44,29,7021.2,12.89,1,66.9
214205,9,44,34,4958.66,9.11,1,30.4
214205,9,44,33,4852.44,8.89,1,96.9
214205,9,44,45,3166.43,5.81,1,10.7
214205,9,44,38,3265.08,5.99,1,23.8
214205,9,44,29,4905,9,1,0.9
214205,9,44,25,2100,3.84,1,4.9
214205,9,22,36,3458.81,6.34,1,52.7
214205,9,36,47,3917.63,7.19,1,83.9
214205,9,36,33,3270,6,1,8.6
214205,9,44,26,4905,9,1,6.8
214205,9,44,29,4905,9,1,0.7
214205,9,20,39,3038.48,5.57,1,19.8
214205,9,14,57,3980.93,7.31,1,64.3
214205,9,14,54,1740.05,3.19,1,127.9
214205,9,44,47,5048.46,9.27,1,80.4
214205,9,44,42,2075.51,3.81,1,121.9
214205,9,44,28,4957.39,9.1,1,34.2
214205,9,44,25,2832.18,5.19,1,2.9
214205,9,44,34,6999.99,12.84,1,3.6
214205,9,44,27,5685,10.43,1,4.9
214205,9,41,31,5196.98,9.54,1,49.7
214205,9,44,34,4217.09,7.8,1,95.8
214205,9,44,27,3484.22,6.39,1,48.5
214205,9,44,27,3483.76,6.45,1,48.5
214205,9,44,27,3484.39,6.39,1,48.5
214205,9,44,27,3483.46,6.39,1,48.5
214205,9,44,63,3913.69,7.18,1,61.9
214205,9,41,34,12280.78,22.52,1,2.9
214205,9,44,43,4379.65,8.03,1,19.8
214205,9,44,27,3483.31,6.39,1,48.5
214205,9,44,34,3531.62,6.47,1,95.8
214205,9,44,34,3493.49,6.42,1,95.8
214205,9,44,27,3483.61,6.39,1,48.5
214205,9,44,31,3943.33,7.24,1,37.9
214205,9,44,58,3342.91,6.14,1,270.9
214205,9,36,30,3252.5,5.97,1,14.4
214205,9,44,32,5033.75,9.25,1,95.3
214205,9,41,27,5360.54,9.84,1,23.8
214205,9,41,35,12983.16,23.81,1,7.9
214205,9,44,31,5033.75,9.25,1,98.9
214205,9,22,28,24292.41,44.58,1,64
214205,9,41,31,5112.61,9.39,1,27.2
214205,9,41,27,5586.08,10.26,1,54.9
214205,9,41,25,5709.5,10.49,1,32.9
214205,9,44,39,2517.54,4.62,1,20.1
214205,9,44,39,2701.88,4.95,1,77.6
214205,9,44,28,3609.5,6.62,1,4.2
214205,9,44,27,3580.89,6.58,1,48.5
214205,9,30,32,3391.91,6.23,1,90.9
214205,9,41,64,5033.75,9.25,1,41.5
214205,9,28,66,5033.75,9.25,1,99.9
214205,9,41,64,5033.75,9.25,1,118.9
214205,9,41,29,4063.15,7.46,1,15.1
214205,9,44,27,3845.71,7.06,1,15.9
214205,9,41,26,4011.92,7.37,1,16.2
214205,9,41,55,7380.44,13.55,1,256.5
214205,9,44,53,9107.14,16.7,1,2.9
214205,9,41,76,5033.75,9.25,1,247.9
214205,9,44,50,10681.12,19.62,1,19.8
214205,9,44,30,5193.28,9.54,1,32.9
214205,9,44,50,4897.5,9,1,13.2
214205,9,41,45,5033.75,9.25,1,125.4
214205,9,44,35,8867.01,16.29,1,104.9
214205,9,44,27,6270.98,11.51,1,27.5
214205,9,20,35,1863.81,3.42,1,11.9
214205,9,36,29,3270,5.99,1,6.9
214205,9,44,45,6686.42,12.28,1,34.9
214205,9,44,56,3260,5.98,1,34.9
214205,9,44,57,4536.36,8.33,1,239.9
214205,9,44,54,4536.36,8.33,1,157.9
214205,9,44,29,6540,12,1,1.9
214205,9,44,29,4632.5,8.5,1,0.9
214205,9,44,33,6095.43,11.19,1,111.9
214205,9,36,59,2950,5.41,1,33.9
214205,9,20,52,3742.51,6.87,1,37.9
214205,9,44,36,3177.01,5.83,1,118.9
214205,9,40,28,2927.17,5.37,1,22.8
214205,9,44,32,4335,7.96,1,15.7
214205,9,44,49,7512.74,13.8,1,100.7
214205,9,20,44,3349.89,6.15,1,125.4
214205,9,20,35,3349.92,6.15,1,32.9
214205,9,44,30,3257.55,5.98,1,109.9
214205,9,26,37,4142.56,7.6,1,150.9
214205,9,44,79,5094.77,9.35,1,11.6
214205,9,44,43,7429.93,13.64,1,11.9
214205,9,40,29,4925.81,9.03,1,5.2
214205,9,36,27,2750,5.04,1,0.9
214205,9,44,41,4566.2,8.38,1,19.9
214205,9,44,40,4566.2,8.38,1,19.9
214205,9,44,42,5203.18,9.55,1,13.9
214205,9,44,59,12469.96,22.91,1,141.3
214205,9,44,51,4139.99,7.6,1,122.9
214205,9,44,43,4139.99,7.6,1,196
214205,9,36,51,9360.24,17.2,1,137.3
214205,9,20,53,1776.96,3.26,1,35.9
214205,9,44,61,14696.46,27,1,124.9
214205,9,40,55,1809.27,3.35,1,155.6
214205,9,30,39,1552.4,2.84,1,28.9
214205,9,36,33,3317.19,6.08,1,16.9
214205,9,20,35,1224.44,2.24,1,4.9
214205,9,20,35,1998.1,3.66,1,121.9
214205,9,40,36,2510.03,4.6,1,117.3
214205,9,44,62,4667.76,8.57,1,346.9
214205,9,36,33,2509.84,4.6,1,17.1
214205,9,36,35,3038.38,5.57,1,29.7
214205,9,36,32,2401.1,4.4,1,32.9
214205,9,40,28,1968.22,3.61,1,0.9
214205,9,36,62,2599.94,4.77,1,42.4
214205,9,44,54,3097.75,5.68,1,90
214205,9,44,51,6499.32,11.93,1,41.9
214205,9,44,34,8785.67,16.13,1,105.8
214205,9,36,38,3643.53,6.69,1,128.9
214205,9,44,41,6333.51,11.63,1,28.9
214205,9,44,34,6471.38,11.88,1,114.4
214205,9,44,32,4124.85,7.57,1,45.1
214205,9,44,29,4987.03,9.15,1,22.9
214205,9,44,57,5598.65,10.28,1,256.9
214205,9,44,42,5154.64,9.46,1,104.7
214205,9,40,36,6205.84,11.4,1,89.6
214205,9,44,54,2750.97,5.05,1,72.3
214205,9,44,47,6126.09,11.25,1,155.7
214205,9,44,36,9721.04,17.85,1,29.5
214205,9,40,36,5266.08,9.67,1,89.6
214205,9,44,26,1618.65,2.97,1,23.4
214205,9,44,33,1444.25,2.65,1,84.9
214205,9,44,26,1373.4,2.52,1,23.4
214205,9,44,33,2084.22,3.83,1,84.9
214205,9,44,33,805.41,1.47,1,84.9
214205,9,40,55,3025.84,5.55,1,106.9
214205,9,44,58,5341.27,9.81,1,25.8
214205,9,44,29,4639.72,8.5,1,8.6
214205,9,44,29,5318.11,9.77,1,31.6
214205,9,44,55,8658.27,15.9,1,239.9
214205,9,44,33,2295.69,4.21,1,84.9
214205,9,44,31,3050,5.59,1,3.8
214205,9,44,26,2452.5,4.5,1,23.4
214205,9,44,33,1350.37,2.48,1,84.9
214205,9,35,28,4037.2,7.41,1,33.9
214205,9,44,26,1387.38,2.55,1,23.4
214205,9,44,33,1029.44,1.88,1,84.9
214205,9,44,26,1961.66,3.59,1,23.4
214205,9,40,39,7612.17,13.98,1,147.2
214205,9,30,58,11208.05,20.59,1,183.9
214205,9,44,26,1289.28,2.37,1,23.4
214205,9,44,31,3050,5.59,1,3.8
214205,9,44,44,2381.4,4.36,1,8.8
214205,9,44,43,11208.04,20.59,1,71.9
214205,9,44,33,1407.94,2.58,1,84.9
214205,9,44,33,1086.91,2,1,84.9
214205,9,44,29,4615.87,8.47,1,37.3
214205,9,30,40,5191.15,9.54,1,106.2
214205,9,20,27,2773.92,5.08,1,2.9
214205,9,44,26,2062.74,3.8,1,23.4
214205,9,44,26,1662.14,3.04,1,23.4
214205,9,44,26,1157.58,2.12,1,23.4
214205,9,44,33,1171.75,2.15,1,84.9
214205,9,44,33,872,1.6,1,84.9
214205,9,44,26,833.85,1.53,1,23.4
214205,9,44,33,981,1.8,1,84.9
214205,9,40,49,4771.27,8.76,1,246.9
214205,9,40,39,5245.91,9.63,1,171.6
214205,9,44,26,1237.7,2.27,1,23.4
214205,9,44,36,4000,7.33,1,5.6
214205,9,44,62,2911.83,5.36,1,112.9
214205,9,30,60,19481.69,35.79,1,408.3
214205,9,40,62,4985.12,9.15,1,249.9
214205,9,36,36,2627.81,4.82,1,95.3
214205,9,30,40,2572.23,4.72,1,44.6
214205,9,30,24,4430.97,8.13,1,20.9
214205,9,44,57,5133.33,9.42,1,14.4
214205,9,44,53,5059.99,9.28,1,9.5
214205,9,44,23,4207.1,7.71,1,5.1
214205,9,44,27,2225.93,4.08,1,15.8
214205,9,40,27,2829.47,5.19,1,3.9
214205,9,30,31,2449.98,4.49,1,43.1
214205,9,40,41,4923.76,9.04,1,187.9
214205,9,40,47,2051.93,3.76,1,290.9
214205,9,30,23,3328.13,6.1,1,9.7
214205,9,30,27,3707.4,6.8,1,66.3
214205,9,30,27,3629.63,6.65,1,66.3
214205,9,30,38,3046.34,5.59,1,40.1
214205,9,30,27,3500,6.42,1,66.3
214205,9,30,35,2901.48,5.32,1,45.1
214205,9,30,27,3597.22,6.66,1,66.3
214205,9,20,40,2479.17,4.55,1,106.9
214205,9,44,59,4451.17,8.17,1,127.9
214205,9,44,30,3667.5,6.72,1,9.9
214205,9,40,76,11428.77,20.99,1,19.9
214205,9,40,56,10896.7,20.01,1,14.9
214205,9,40,54,14559.89,26.74,1,353.1
214205,9,30,46,9863.22,18.11,1,119.6
214205,9,30,35,1433.67,2.63,1,13.6
214205,9,30,54,12014.53,22.08,1,317.6
214205,9,44,41,4258.18,7.81,1,105
214205,9,40,51,11350.93,20.85,1,110.7
214205,9,40,56,16408.36,30.15,1,385.3
214205,9,40,54,19150.85,35.19,1,363.4
214205,9,30,53,11055.45,20.31,1,361.4
214205,9,30,50,14787.63,27.17,1,285.9
214205,9,40,35,12929.29,23.75,1,119.6
214205,9,30,29,1505.39,2.76,1,21.9
214205,9,44,33,4026.31,7.39,1,19.9
214205,9,20,44,946.25,1.73,1,10.4
214205,9,30,53,6700.76,12.3,1,107
214205,9,30,45,1300.94,2.38,1,8.1
214205,9,44,59,7466.28,13.71,1,400.3
214205,9,30,55,14540.84,26.72,1,322.6
214205,9,44,48,4227.14,7.76,1,19.9
214205,9,40,49,5512.5,10.11,1,1.4
214205,9,40,51,4902.77,9,1,215.9
214205,9,30,62,14884.34,27.35,1,389.6
214205,9,20,34,2286.16,4.19,1,9.5
214205,9,40,28,4860.83,8.92,1,19.9
214205,9,40,35,8690.66,15.96,1,19.9
214205,9,40,31,4766.66,8.75,1,21.3
214205,9,40,26,6135.02,11.26,1,46.1
214205,9,40,31,3922,7.19,1,4.9
214205,9,40,46,9076.34,16.67,1,166.5
214205,9,40,42,8195.38,15.05,1,121.7
214205,9,40,54,6221.23,11.42,1,113.9
214205,9,30,42,9421.8,17.3,1,112.1
214205,9,44,24,5074.31,9.31,1,10.2
214205,9,40,37,2994.12,5.49,1,17.9
214205,9,44,48,4375.71,8.03,1,179.9
214205,9,40,32,5462.22,10.03,1,89.3
214205,9,44,31,4438.8,8.15,1,18.9
214205,9,22,48,1583.41,2.9,1,10.9
214205,9,40,59,2658.14,4.88,1,19.8
214205,9,44,31,2094.69,3.84,1,20.5
214205,9,30,66,2241.38,4.11,1,429.9
214205,9,30,38,1111.87,2.03,1,98.3
214205,9,36,36,5934.98,10.9,1,128.9
214205,9,44,69,5499.37,10.1,1,258.9
214205,9,35,32,2686.44,4.92,1,70.8
214205,9,35,35,2817.63,5.17,1,28.1
214205,9,30,31,1321.85,2.42,1,42.7
214205,9,44,55,7168.05,13.16,1,369.3
214205,9,44,54,8612.82,15.82,1,350.7
214205,9,44,53,6108.92,11.22,1,290.3
214205,9,44,42,6106.05,11.21,1,312.2
214205,9,44,54,5336.97,9.8,1,325.7
214205,9,36,41,7440.26,13.66,1,196.9
214205,9,36,53,5470.98,10.05,1,83.9
214205,9,20,52,1576.24,2.89,1,97.9
214205,9,12,35,1587.69,2.91,1,99.9
214205,9,44,37,6916.3,12.7,1,107.9
214205,9,20,39,1483.8,2.72,1,22.9
214205,9,40,57,6998.73,12.85,1,387.8
214205,9,44,46,7279.44,13.36,1,10.9
214205,9,44,26,5110.52,9.38,1,40.8
214205,9,40,43,2479.62,4.55,1,99.7
214205,9,40,36,3631.48,6.66,1,26.4
214205,9,40,31,2102.53,3.85,1,57.9
214205,9,40,57,5882.32,10.8,1,303
214205,9,40,32,4098.35,7.52,1,66.1
214205,9,40,32,3341.47,6.13,1,1.4
214205,9,40,56,6426.98,11.8,1,364.9
214205,9,40,51,3694.01,6.78,1,176.7
214205,9,40,41,5289.54,9.71,1,178.1
214205,9,10,55,2597.8,4.76,1,69.8
214205,9,40,42,5296.45,9.72,1,96.5
214205,9,44,53,3937.26,7.22,1,320.9
214205,9,40,41,3233.42,5.93,1,92.1
214205,9,40,53,4753.96,8.73,1,212.9
214205,9,40,26,4987.72,9.15,1,4.4
214205,9,35,44,3778.39,6.94,1,83.8
214205,9,44,53,6566.78,12.04,1,0.4
214205,9,44,44,5530.43,10.16,1,16.9
214205,9,35,26,3197.5,5.86,1,8.6
214205,9,35,56,6950.49,12.76,1,386.8
214205,9,44,54,2971.27,5.45,1,129.8
214205,9,40,31,5946.27,10.91,1,71.6
214205,9,40,47,5076.23,9.32,1,111.7
214205,9,44,54,4089.69,7.5,1,291.7
214205,9,24,36,2589.7,4.75,1,116.9
214205,9,40,30,3014.08,5.53,1,45.8
214205,9,35,30,3197.5,5.86,1,0.9
214205,9,44,32,5505,10.1,1,6.9
214205,9,22,29,3774.25,6.92,1,187.9
214205,9,35,59,7754.12,14.24,1,336.5
214205,9,40,52,4987.01,9.15,1,42
214205,9,35,38,4806.23,8.83,1,112.9
214205,9,44,31,4824.51,8.86,1,119.7
214205,9,40,39,6662.57,12.23,1,118.4
214205,9,35,56,4767.24,8.75,1,103.8
214205,9,30,27,3769.36,6.92,1,47.3
214205,9,44,33,3060,5.61,1,22.9
214205,9,44,52,20066.17,36.88,1,39.9
214205,9,44,51,20141.62,37,1,83.9
214205,9,44,32,3857.87,7.08,1,63.3
214205,9,36,27,3181.11,5.84,1,22.4
214205,9,44,61,4925,9.03,1,7.9
214205,9,44,26,4925.01,9.03,1,8.3
214205,9,20,30,1917.25,3.51,1,21
214205,9,44,31,4925.01,9.03,1,6.9
214205,9,40,46,3445.28,6.32,1,13.4
214205,9,44,45,4925.01,9.03,1,8.1
214205,9,40,55,7308.62,13.42,1,359.9
214205,9,44,43,5188.67,9.53,1,88.8
214205,9,44,32,5433.88,9.97,1,88.6
214205,9,44,63,4702.38,8.63,1,35.9
214205,9,40,44,5600.79,10.29,1,201.9
214205,9,20,48,2247.64,4.12,1,21.4
214205,9,44,36,2928.59,5.38,1,94.9
214205,9,44,52,8006.4,14.7,1,263.2
214205,9,44,45,4925.01,9.03,1,7
214205,9,30,50,3656.83,6.71,1,295.9
214205,9,44,31,4925.01,9.03,1,8.3
214205,9,30,56,4045.04,7.42,1,247.9
214205,9,20,56,2247.64,4.12,1,33.9
214205,9,44,34,4925.01,9.03,1,8.1
214205,9,30,34,3419.31,6.27,1,70.5
214205,9,30,55,3901.71,7.16,1,22.6
214205,9,36,47,4271.39,7.84,1,222.9
214205,9,44,35,5495.59,10.09,1,84.9
214205,9,40,57,9493.07,17.43,1,334.9
214205,9,40,40,6989.24,12.83,1,159.5
214205,9,40,49,4904.9,9,1,19.8
214205,9,40,36,3315.67,6.08,1,56.4
214205,9,44,46,4309.07,7.91,1,213.9
214205,9,44,51,5843.24,10.73,1,90.9
214205,9,22,60,4116.54,7.55,1,341.8
214205,9,40,37,4632.38,8.49,1,8.9
214205,9,44,34,3558.87,6.53,1,0.3
214205,9,30,32,2569.86,4.71,1,37.9
214205,9,20,51,1848.96,3.39,1,7.9
214205,9,44,31,2623.03,4.81,1,3.2
214205,9,40,53,3437.52,6.31,1,41.9
214205,9,40,48,4020.71,7.38,1,20.3
214205,9,44,47,6843.09,12.57,1,90.9
214205,9,40,57,3610.14,6.62,1,43.6
214205,9,30,30,4437.37,8.14,1,45.4
214205,9,40,53,3690.63,6.77,1,226.4
214205,9,40,35,3614.25,6.63,1,92.1
214205,9,44,53,2372.13,4.35,1,65.8
214205,9,40,52,5313.78,9.76,1,13.2
214205,9,40,44,7139.69,13.11,1,128.7
214205,9,30,60,10143.16,18.63,1,357.5
214205,9,22,45,4397.59,8.14,1,198.7
214205,9,40,39,2519.04,4.62,1,33.9
214205,9,40,38,4002.91,7.34,1,27.6
214205,9,30,29,3847.2,7.06,1,33.9
214205,9,40,35,5027.12,9.23,1,13.9
214205,9,35,31,3261.04,5.97,1,4.2
214205,9,40,47,6556.6,12.04,1,138.8
214205,9,44,53,2586.74,4.74,1,26.9
214205,9,44,37,4006.01,7.34,1,4.4
214205,9,20,40,3482.75,6.39,1,117.9
214205,9,40,38,4631.17,8.49,1,6.8
214205,9,30,43,3736.72,6.85,1,15.7
214205,9,11,58,1607.1,2.94,1,399.9
214205,9,20,41,1935.63,3.55,1,22.4
214205,9,40,51,5699.87,10.47,1,85.4
214205,9,40,24,3894.58,7.15,1,20.7
214205,9,20,38,1730.45,3.17,1,9.8
214205,9,40,53,6695.82,12.29,1,160.3
214205,9,44,64,5828.98,10.69,1,5.5
214205,9,40,43,4855.27,8.91,1,15.7
214205,9,40,56,10264.72,18.85,1,375.4
214205,9,40,36,6390.23,11.73,1,104.9
214205,9,32,58,2039.38,3.74,1,77.8
214205,9,30,64,11103.68,20.4,1,449.5
214205,9,30,40,7078.39,13,1,117.5
214205,9,36,33,4685.09,8.6,1,86.9
214205,9,40,48,6803.15,12.49,1,116.6
214205,9,30,26,2211.1,4.05,1,1.9
214205,9,40,54,8689.81,15.96,1,266.6
214205,9,40,45,7538.07,13.84,1,89.6
214205,9,40,41,10331.97,18.97,1,188.9
214205,9,40,57,10148.71,18.64,1,188.9
214205,9,30,48,2256.19,4.13,1,1
214205,9,30,37,3719.92,6.82,1,89.7
214205,9,36,54,5087.04,9.34,1,283.9
214205,9,36,43,2968.03,5.43,1,9.6
214205,9,40,55,12822.4,23.55,1,371
214205,9,30,51,2183.41,4,1,0.7
214205,9,30,33,2183.41,4,1,0.9
214205,9,30,38,2153.94,3.94,1,6.5
214205,9,40,42,7672.78,14.09,1,203.2
214205,9,30,47,4218.71,7.74,1,116.4
214205,9,40,54,9463.48,17.38,1,377.9
214205,9,40,55,7737.55,14.21,1,117.5
214205,9,40,56,8963.71,16.47,1,267.4
214205,9,30,50,2911.21,5.34,1,0.9
214205,9,36,40,2954.85,5.41,1,9.9
214205,9,40,44,10482.06,19.25,1,188.9
214205,9,30,44,4977.08,9.14,1,260.8
214205,9,40,54,12128.26,22.28,1,343.2
214205,9,40,53,5633.1,10.34,1,116.6
214205,9,40,52,5720.99,10.5,1,92.5
214205,9,30,33,3053.99,5.6,1,45.3
214205,9,40,39,5925.28,10.88,1,92.6
214205,9,40,47,5969.88,10.96,1,116.6
214205,9,30,47,6476.46,11.89,1,262.3
214205,9,40,39,6576.34,12.07,1,91.9
214205,9,30,42,5066.39,9.3,1,110.9
214205,9,36,46,4436.71,8.14,1,86.9
214205,9,36,33,2954.85,5.41,1,9.9
214205,9,30,34,3270,6,1,13.2
214205,9,44,47,6567.89,12.06,1,207.5
214205,9,44,54,8135.13,14.95,1,329.4
214205,9,44,57,6971.06,12.8,1,250.8
214205,9,44,37,5974.6,10.97,1,130.9
214205,9,30,34,3260,6,1,13.2
214205,9,30,34,3391.11,6.22,1,13.2
214205,9,44,51,3064.34,5.62,1,59.5
214205,9,44,50,4638.52,8.51,1,250.4
214205,9,44,37,2839.95,5.21,1,1.9
214205,9,44,52,5797.58,10.64,1,129.9
214205,9,44,59,6620.83,12.16,1,328.9
214205,9,44,38,5167.94,9.5,1,99.4
214205,9,44,53,6233.22,11.45,1,327.1
214205,9,44,46,7139.62,13.11,1,292.9
214205,9,44,57,8436.26,15.49,1,310.4
214205,9,44,43,4117.23,7.56,1,199.7
214205,9,44,40,6073.74,11.15,1,171.2
214205,9,40,27,6280.29,11.53,1,49.8
214205,9,44,51,6375.12,11.71,1,238.8
214205,9,44,52,6784.74,12.46,1,251.5
214205,9,44,43,4927.32,9.05,1,201.2
214205,9,44,43,4857.79,8.92,1,200.4
214205,9,44,35,3946.35,7.25,1,95.8
214205,9,44,61,7787.48,14.3,1,383.9
214205,9,44,42,4962.76,9.11,1,206.8
214205,9,44,45,4154.82,7.62,1,138.8
214205,9,44,49,4828.6,8.86,1,55.9
214205,9,44,56,7538.37,13.85,1,331.9
214205,9,44,35,3511.36,6.44,1,100.8
214205,9,44,48,3783.6,6.94,1,205.7
214205,9,44,40,3086.44,5.66,1,51.4
214205,9,40,54,20026.92,36.8,1,317.2
214205,9,40,57,8638.22,15.87,1,209
214205,9,40,57,3614.7,6.64,1,58.1
214205,9,44,59,4296.37,7.89,1,393.9
214205,9,40,61,16718.34,30.87,1,484.4
214205,9,40,58,3614.7,6.64,1,58.1
214205,9,40,45,7463.7,13.71,1,41.9
214205,9,40,37,9936.18,18.25,1,156.2
214205,9,40,37,3272.85,6.01,1,19.8
214205,9,40,47,7351.65,13.5,1,213.7
214205,9,40,41,8937.7,16.42,1,64.9
214205,9,40,40,7593.75,13.95,1,64.9
214205,9,40,30,3091.92,5.66,1,7
214205,9,44,50,5955.03,10.93,1,12.9
214205,9,40,58,9372.49,17.22,1,254.2
214205,9,40,53,14046.93,25.81,1,317.9
214205,9,40,37,12906.55,23.71,1,156.2
214205,9,40,34,7502.22,13.78,1,57.6
214205,9,44,50,8222.25,15.1,1,130.9
214205,9,40,43,8489.31,15.6,1,57.6
214205,9,44,66,7994.66,14.68,1,11.9
214205,9,44,63,4959.5,9.1,1,8.1
214205,9,44,58,5033.75,9.25,1,82.9
214205,9,44,50,5640.18,10.36,1,36.7
214205,9,44,52,8239.16,15.13,1,49.9
214205,9,44,50,6346.41,11.65,1,291.7
214205,9,36,45,3325.55,6.11,1,86.9
214205,9,44,41,5741.66,10.54,1,179.1
214205,9,44,32,7470.27,13.72,1,43.1
214205,9,44,25,5003.1,9.18,1,4.9
214205,9,44,34,8450,15.52,1,124.9
214205,9,44,31,5693.18,10.45,1,24.9
214205,9,44,30,5567.5,10.22,1,35.8
214205,9,44,36,7000,12.84,1,0.7
214205,9,22,61,4246.36,7.8,1,206.9
214205,9,44,29,8874.22,16.3,1,52.8
214205,9,44,32,7723.22,14.18,1,79.9
214205,9,44,36,4898.92,8.99,1,63.8
214205,9,36,26,3328.55,6.11,1,44.9
214205,9,44,28,5691.85,10.45,1,40.6
214205,9,22,25,1754.5,3.21,1,2.9
214205,9,18,38,1116.5,2.04,1,5.9
214205,9,36,24,1503,2.76,1,14.8
214205,9,20,52,3358.27,6.17,1,43.9
214205,9,36,47,3325.83,6.11,1,56.9
214205,9,10,42,1071.33,1.96,1,152.9
214205,9,30,54,12925.64,23.74,1,352.5
214205,9,30,52,14300.11,26.28,1,344.6
214205,9,36,28,3295.27,6.05,1,11.4
214205,9,30,58,12100.53,22.22,1,407.2
214205,9,30,63,23004.16,42.26,1,411.9
214205,9,30,53,19140.22,35.17,1,359.8
214205,9,44,30,3418.83,6.28,1,70.9
214205,9,44,59,5289.87,9.71,1,34.9
214205,9,40,48,15425.19,28.34,1,257.9
214205,9,40,49,14390.07,26.44,1,371.5
214205,9,40,51,20508.29,37.68,1,352.9
214205,9,40,48,4992.4,9.17,1,18.7
214205,9,30,44,325.82,0.6,1,172.9
214205,9,40,52,7858.6,14.43,1,104.9
214205,9,44,27,3166.66,5.8,1,1.4
214205,9,44,40,4348.7,7.97,1,9.3
214205,9,30,44,5405.75,9.92,1,174.4
214205,9,40,48,4540.87,8.33,1,22.2
214205,9,44,54,7804.57,14.32,1,316.9
214205,9,40,28,5416.78,9.93,1,3.5
214205,9,44,20,1200,2.2,1,5.8
214205,9,30,48,4481.14,8.23,1,66.3
214205,9,44,27,4363.63,8,1,10.2
214205,9,44,35,5161.55,9.48,1,11.9
214205,9,44,47,5231.87,9.61,1,15.9
214205,9,30,24,3773.4,6.92,1,68.9
214205,9,32,34,5681.61,10.42,1,80.9
214205,9,44,28,5377.1,9.86,1,5.9
214205,9,44,24,4214.21,7.72,1,6.1
214205,9,44,58,5203.55,9.56,1,25.6
214205,9,44,35,6740.05,12.38,1,21.6
214205,9,44,28,4975.72,9.12,1,9.3
214205,9,44,51,8000,14.67,1,9.9
214205,9,44,50,9055.8,16.63,1,71.9
214205,9,44,30,4387.77,8.06,1,22.8
214205,9,44,26,3358.33,6.17,1,35.7
214205,9,44,23,3358.33,6.17,1,35.7
214205,9,40,50,10450.26,19.19,1,221.4
214205,9,44,30,6646.66,12.21,1,92.8
214205,9,44,28,3358.33,6.17,1,12.8
214205,9,44,25,4901.66,9,1,33.1
214205,9,30,34,4340.83,7.97,1,41.5
214205,9,44,52,3970.19,7.28,1,114.4
214205,9,44,29,4524.02,8.31,1,26.8
214205,9,44,55,3270,6,1,6.5
214205,9,40,58,11946.23,21.94,1,430.2
214205,9,44,53,3502.53,6.42,1,8.5
214205,9,40,59,7346.31,13.49,1,352.7
214205,9,44,30,4992.5,9.17,1,34.1
214205,9,44,29,4387.77,8.06,1,22.8
214205,9,44,35,4360,8,1,10.9
214205,9,40,52,9310.77,17.1,1,242.5
214205,9,40,50,11069.14,20.33,1,242.5
214205,9,40,47,12149.15,22.32,1,260.4
214205,9,40,31,3022.17,5.55,1,18.3
214205,9,40,54,7326.58,13.46,1,331.9
214205,9,35,28,4265.04,7.82,1,5
214205,9,44,37,3838.77,7.05,1,95.9
214205,9,44,28,2965.27,5.44,1,16.4
214205,9,40,51,8251.43,15.15,1,338.9
214205,9,35,30,5291.28,9.71,1,14.2
214205,9,35,26,7045.93,12.92,1,1.6
214205,9,44,26,3987.1,7.32,1,20.7
214205,9,40,33,2998.12,5.5,1,4.9
214205,9,44,63,5850.37,10.72,1,9.3
214205,9,35,32,7322.97,13.43,1,1.7
214205,9,35,31,4464.86,8.19,1,14.1
214205,9,35,37,4186.69,7.68,1,13.1
214205,9,44,35,3877.32,7.12,1,167.9
214205,9,35,28,4749.08,8.71,1,43.7
214205,9,35,32,4325.52,7.93,1,5.1
214205,9,35,31,6595.95,12.11,1,39.9
214205,9,35,24,4297.14,7.88,1,5.1
214205,9,40,74,10896.59,20.01,1,410.6
214205,9,40,54,9364.18,17.2,1,355.5
214205,9,40,61,9174.3,16.84,1,391.9
214205,9,40,61,10587.05,19.44,1,410.6
214205,9,40,37,8984.79,16.5,1,38.8
214205,9,30,30,3518.75,6.46,1,53.7
214205,9,40,62,10008.84,18.38,1,386.9
214205,9,40,62,8606.35,15.81,1,391.7
214205,9,40,58,9706,17.82,1,338.9
214205,9,40,57,9088.47,16.7,1,338.9
214205,9,35,25,5182.85,9.5,1,4.9
214205,9,35,33,4552.56,8.35,1,3.2
214205,9,35,27,4473.19,8.21,1,14.1
214205,9,44,57,4935.98,9.06,1,119.9
214205,9,40,35,4309.31,7.91,1,39.9
214205,9,40,30,3796.44,6.98,1,21.6
214205,9,40,35,4846.69,8.91,1,21.6
214205,9,40,53,10031.51,18.42,1,304.5
214205,9,40,31,2989.32,5.48,1,0.7
214205,9,40,52,8650.53,15.88,1,380.9
214205,9,40,31,2989.32,5.48,1,0.8
214205,9,40,25,3387.9,6.21,1,3.3
214205,9,40,27,4483.99,8.22,1,1.4
214205,9,40,33,3136.03,5.75,1,16.9
214205,9,44,30,5304.21,9.74,1,36.9
214205,9,44,32,4893.75,8.99,1,45.8
214205,9,44,60,5289,9.71,1,13.9
214205,9,44,30,5558.63,10.21,1,40.9
214205,9,44,47,5028.73,9.24,1,297.4
214205,9,44,41,5683.23,10.42,1,9
214205,9,44,54,5373.79,9.87,1,119.5
214205,9,40,62,11181.07,20.53,1,164.9
214205,9,44,66,17095.78,31.42,1,121.9
214205,9,40,35,4810.44,8.83,1,65.4
214205,9,37,37,8493.05,15.6,1,219.9
214205,9,40,31,6972.22,12.8,1,149.9
214205,9,40,39,5294.49,9.72,1,27.9
214205,9,44,38,4138.44,7.59,1,26.2
214205,9,21,24,3270,6,1,22.6
214205,9,21,24,3313.72,6.08,1,22.6
214205,9,30,31,3702.8,6.79,1,23.9
214205,9,21,24,3406.5,6.26,1,22.6
214205,9,44,33,2435.25,4.47,1,18.9
214205,9,44,33,7214.44,13.24,1,112.3
214205,9,20,52,3358.27,6.17,1,48.9
214205,9,36,24,3270,6,1,4.9
214205,9,44,28,4671.62,8.58,1,44.7
214205,9,33,24,3379,6.2,1,4.1
214205,9,44,52,2962.74,5.43,1,64.8
214205,9,44,51,5439.7,9.99,1,114.4
214205,9,44,38,5475.67,10.05,1,75.9
214205,9,44,32,4990.88,9.15,1,9.9
214205,9,44,23,3170.4,5.81,1,9.5
214205,9,44,46,4905,9,1,0.9
214205,9,40,28,5020.53,9.22,1,14.8
214205,9,40,28,4905,9,1,1.5
214205,9,44,36,2870.72,5.27,1,65.9
214205,9,20,35,1905.82,3.49,1,3.9
214205,9,36,24,3238.03,5.94,1,27.3
214205,9,44,31,3773.95,6.93,1,26.2
214205,9,40,28,5068.98,9.31,1,54.9
214205,9,44,33,4504.84,8.25,1,4.9
214205,9,44,26,4672.74,8.56,1,2.9
214205,9,20,55,1295.7,2.37,1,72.9
214205,9,40,51,2966.12,5.44,1,208.9
214205,9,40,30,2439.08,4.47,1,52.3
214205,9,40,42,3861.66,7.09,1,173.2
214205,9,44,56,5837.55,10.71,1,8.1
214205,9,44,38,7737.47,14.21,1,274.9
214205,9,44,29,3819.86,7,1,9.6
214205,9,44,37,3329.74,6.11,1,237.9
214205,9,44,37,5475.19,10.05,1,172.9
214205,9,44,29,1040,1.9,1,15.9
214205,9,20,26,3240,5.94,1,2.9
214205,9,40,50,5102.21,9.37,1,48.9
214205,9,40,49,7500.73,13.77,1,62.9
214205,9,40,51,6986.98,12.83,1,60.9
214205,9,40,35,4542.73,8.34,1,19.6
214205,9,40,44,7581.84,13.92,1,62.9
214205,9,40,42,5648.87,10.37,1,19.6
214205,9,40,39,6405.58,11.76,1,32.5
214205,9,40,38,4596.01,8.44,1,17.3
214205,9,40,32,5790.14,10.63,1,28.9
214205,9,40,39,5990.8,11,1,54.6
214205,9,40,37,8383.33,15.4,1,62.9
214205,9,40,29,5396.47,9.9,1,23.6
214205,9,40,34,5471.13,10.04,1,60.9
214205,9,40,34,4540.79,8.34,1,23.6
214205,9,40,32,4464.29,8.19,1,18.9
214205,9,40,31,4559.86,8.37,1,30.7
214205,9,40,30,4823.24,8.85,1,54.6
214205,9,40,45,6725.38,12.35,1,62.9
214205,9,40,38,6876.12,12.63,1,62.9
214205,9,40,34,5523.19,10.14,1,52.5
214205,9,40,31,4444.54,8.16,1,35.5
214205,9,44,30,5045.11,9.26,1,10.5
214205,9,24,31,4357.27,8,1,10.9
214205,9,44,37,5505.05,10.1,1,10.5
214205,9,44,30,5022.82,9.22,1,13.2
214205,9,44,25,5177.09,9.5,1,19.4
214205,9,44,32,5602.63,10.29,1,28.5
214205,9,44,54,1646.74,3.01,1,54.9
214205,9,44,40,5281.57,9.7,1,42.4
214205,9,44,62,4962.29,9.11,1,90.9
214205,9,22,78,2446.02,4.48,1,194.9
214205,9,44,56,5244.34,9.63,1,18.7
214205,9,44,24,3102.37,5.68,1,3.9
214205,9,30,37,11258.47,20.67,1,117.1
214205,9,30,41,15562.98,28.58,1,117.1
214205,9,30,34,6523.77,11.98,1,40.8
214205,9,30,47,8370.45,15.37,1,117.1
214205,9,30,38,8418.55,15.46,1,117.4
214205,9,30,37,10739.69,19.72,1,96.4
214205,9,30,30,7591.4,13.94,1,54.5
214205,9,30,31,6988.55,12.83,1,63.9
214205,9,30,39,2702.39,4.99,1,91.9
214205,9,44,55,4222.22,7.76,1,37.9
214205,9,44,29,6011.85,11.04,1,20.2
214205,9,44,29,4500,8.29,1,16.4
214205,9,20,28,1540.32,2.82,1,2.6
214205,9,44,39,5368.13,9.86,1,62.2
214205,9,44,27,5333.26,9.79,1,55.4
214205,9,30,25,3333.51,6.12,1,19.4
214205,9,44,32,5105.1,9.36,1,9.4
214205,9,44,30,5020.11,9.22,1,23.6
214205,9,30,26,3270,6,1,4.4
214205,9,44,61,4080.55,7.49,1,14.8
214205,9,20,51,4119.07,7.56,1,105.8
214205,9,44,25,2433.01,4.46,1,16.9
214205,9,44,31,4240.18,7.78,1,11.4
214205,9,44,35,3821.78,7.02,1,69.9
214205,9,22,54,3240,5.95,1,70.9
214205,9,20,33,2245.19,4.11,1,47.5
214205,9,16,53,2965.81,5.44,1,118.5
214205,9,10,55,1348.32,2.47,1,30.9
214205,9,20,50,1915.8,3.51,1,213.9
214205,9,33,27,2506.49,4.59,1,29.5
214205,9,22,39,1580.51,2.89,1,33.9
214205,9,34,39,3270,6,1,7.9
214205,9,44,46,5200,9.54,1,4.9
214205,9,44,31,3844,7.04,1,4.4
214205,9,20,61,3448.84,6.33,1,105.9
214205,9,44,43,4932.12,9.06,1,34.9
214205,9,44,35,4897.5,9,1,131.9
214205,9,44,34,3330,6.11,1,24.5
214205,9,40,29,7036.09,12.92,1,25.9
214205,9,40,25,6498.67,11.94,1,15.7
214205,9,40,58,23923.94,43.95,1,373.8
214205,9,40,48,20737.94,38.09,1,88
214205,9,40,48,9288.5,17.06,1,70.7
214205,9,40,65,16311.35,29.96,1,384.4
214205,9,40,34,8788.68,16.15,1,81.5
214205,9,40,51,22157.91,40.7,1,152.9
214205,9,40,63,10168.14,18.67,1,17.3
214205,9,40,34,8564.3,15.74,1,74.6
214205,9,40,41,8463.14,15.54,1,81.9
214205,9,40,41,10193.41,18.73,1,81.3
214205,9,40,41,7998.91,14.69,1,70.5
214205,9,40,74,8269.83,15.19,1,16.7
214205,9,40,35,8158.76,14.98,1,70.5
214205,9,40,31,8122.44,14.92,1,71.2
214205,9,40,29,6228.57,11.42,1,7.7
214205,9,40,33,8037.83,14.76,1,81.9
214205,9,40,32,8890.44,16.32,1,94.4
214205,9,40,39,6680.13,12.27,1,41.9
214205,9,40,29,6029.09,11.06,1,7.7
214205,9,40,60,30675.39,56.34,1,270.9
214205,9,40,30,7955.59,14.61,1,41.3
214205,9,40,29,7276.94,13.36,1,20.3
214205,9,40,30,7111.5,13.06,1,41.9
214205,9,40,28,6991.37,12.84,1,23.4
214205,9,40,30,6629.27,12.17,1,23.1
214205,9,40,31,6899.92,12.67,1,46.6
214205,9,40,29,6097.52,11.18,1,7.7
214205,9,40,48,6431.53,11.79,1,7.7
214205,9,40,27,6848.83,12.58,1,24.4
214205,9,40,28,6617.62,12.14,1,7.7
214205,9,40,29,9346.99,17.17,1,52.5
214205,9,40,34,6961,12.78,1,15.9
214205,9,40,28,7960.26,14.62,1,25.4
214205,9,40,50,20263.59,37.22,1,270.9
214205,9,40,31,6889.53,12.63,1,7.7
214205,9,40,60,19199.11,35.26,1,407.9
214205,9,40,52,9192.54,16.86,1,96.2
214205,9,40,29,6854.85,12.57,1,7.7
214205,9,40,48,18623.8,34.2,1,270.9
214205,9,40,30,8592.38,15.78,1,20.3
214205,9,40,31,6812.57,12.51,1,45.4
214205,9,40,58,6499.25,11.93,1,419.6
214205,9,40,54,17394.63,31.94,1,47.4
214205,9,40,48,17793.52,32.68,1,270.9
214205,9,40,29,6818.81,12.51,1,7.7
214205,9,44,31,5961.11,10.93,1,3.9
214205,9,44,31,13046.6,23.96,1,18.7
214205,9,44,32,13560.78,24.91,1,70.5
214205,9,44,34,13277.77,24.39,1,41.9
214205,9,44,33,5743.41,10.54,1,54.3
214205,9,44,40,14000,25.68,1,1.7
214205,9,44,29,5177.5,9.5,1,1.7
214205,9,44,39,13186.11,24.22,1,122.9
214205,9,44,32,14222.22,26.08,1,6.9
214205,9,44,27,6753.35,12.4,1,21.9
214205,9,44,29,3430.55,6.29,1,1.4
214205,9,44,26,4455,8.17,1,3.8
214205,9,44,30,6620.78,12.15,1,40.9
214205,9,44,31,11859.22,21.79,1,37.9
214205,9,44,29,6505.5,11.95,1,41.9
214205,9,44,36,6578.21,12.08,1,21.6
214205,9,44,37,7689.99,14.12,1,27.9
214205,9,44,39,16481.75,30.28,1,11.8
214205,9,44,27,5041.25,9.25,1,3.3
214205,9,44,22,4187.7,7.67,1,4.4
214205,9,44,66,19918.85,36.59,1,40.9
214205,9,44,60,11029.23,20.26,1,41.9
214205,9,44,66,16095.37,29.56,1,41.9
214205,9,44,67,8230.84,15.09,1,7.9
214205,9,44,72,11694,21.48,1,41.9
214205,9,44,68,20000,36.69,1,0.9
214205,9,44,28,4948.57,9.08,1,22.7
214205,9,44,31,8596.24,15.77,1,3.8
214205,9,44,34,9073.33,16.66,1,40.8
214205,9,44,29,7463.1,13.7,1,41.9
214205,9,44,54,15844.44,29.07,1,4.9
214205,9,44,29,5676.85,10.42,1,41.9
214205,9,44,32,6354.72,11.67,1,41.9
214205,9,44,55,51194.44,93.93,1,1.9
214205,9,44,61,12832.18,23.57,1,41.9
214205,9,44,34,6022.85,11.07,1,41.9
214205,9,44,38,5587.3,10.25,1,6.9
214205,9,44,32,14425.43,26.5,1,34.7
214205,9,44,33,13204.63,24.26,1,41.9
214205,9,44,52,15555.55,28.54,1,2.9
214205,9,44,58,20755.01,38.13,1,41.9
214205,9,44,53,14048.18,25.8,1,37.3
214205,9,44,28,5238,9.61,1,39.9
214205,9,44,32,6264.36,11.5,1,41.9
214205,9,44,40,11049.79,20.3,1,41.9
214205,9,44,26,5194.01,9.53,1,35.3
214205,9,44,32,11914.56,21.88,1,32.9
214205,9,44,35,12675.63,23.28,1,55.2
214205,9,44,50,15154.25,27.84,1,41.9
214205,9,44,26,6024.39,11.06,1,35.8
214205,9,44,31,11612.44,21.33,1,34.9
214205,9,44,24,5260.15,9.65,1,15.7
214205,9,44,25,3269.03,5.99,1,11.4
214205,9,44,47,27432.07,50.4,1,35.3
214205,9,44,28,11653.11,21.4,1,17.3
214205,9,44,38,11407.4,20.92,1,2.2
214205,9,44,34,5573.37,10.23,1,14.5
214205,9,44,38,13569.44,24.93,1,41.9
214205,9,44,25,5146.6,9.45,1,36.9
214205,9,44,24,5576.72,10.24,1,12.9
214205,9,44,33,6224.08,11.43,1,31.6
214205,9,44,38,10910.82,20.04,1,45.9
214205,9,44,29,5227.81,9.6,1,41.4
214205,9,44,31,3358.33,6.15,1,2.3
214205,9,44,31,8279.72,15.2,1,53.9
214205,9,44,32,10186.3,18.71,1,14.9
214205,9,44,28,4912.24,9.01,1,10.5
214205,9,44,28,3306.79,6.06,1,9.5
214205,9,20,28,1937.11,3.55,1,32.9
214205,9,22,55,4204.37,7.72,1,38.9
214205,9,44,36,4749.65,8.72,1,33.9
214205,9,44,38,4837.94,8.88,1,21.9
214205,9,44,39,5944.11,10.9,1,2.4
214205,9,4,39,502.17,0.91,1,64.5
214205,9,44,34,3606.58,6.61,1,2.9
214205,9,36,59,711.53,1.3,1,9.9
214205,9,36,59,760.98,1.39,1,9.9
214205,9,44,34,6144.21,11.28,1,47.5
214205,9,44,29,5615.15,10.3,1,2.3
214205,9,44,29,5367.71,9.86,1,53.6
214205,9,40,24,6087.5,11.18,1,14.1
214205,9,44,59,15394.61,28.26,1,380.2
214205,9,44,57,14334.25,26.33,1,204.5
214205,9,30,42,7678.83,14.1,1,18.5
214205,9,30,50,7944.12,14.59,1,18.7
214205,9,30,51,17196.24,31.59,1,272.6
214205,9,30,52,10601.9,19.47,1,351.7
214205,9,30,26,7576.15,13.91,1,15.3
214205,9,30,36,7808.84,14.34,1,18.7
214205,9,30,31,7717.42,14.17,1,18.7
214205,9,30,54,14046.38,25.81,1,96.5
214205,9,30,50,5004.54,9.18,1,365.7
214205,9,30,51,19404.03,35.65,1,350.8
214205,9,30,56,13939.62,25.61,1,96.5
214205,9,30,52,9420.08,17.3,1,96.9
214205,9,30,38,10455.85,19.21,1,140.8
214205,9,30,46,8520.14,15.65,1,55.7
214205,9,30,50,8417.21,15.46,1,48.6
214205,9,30,48,8564.11,15.73,1,33.9
214205,9,30,37,7605.42,13.97,1,18.7
214205,9,30,55,9763.4,17.93,1,96.2
214205,9,30,39,8204.14,15.07,1,39.9
214205,9,30,34,9810.63,18.02,1,96.9
214205,9,30,37,8238.47,15.13,1,40.6
214205,9,30,33,15035.95,27.63,1,130.8
214205,9,30,32,8963.8,16.47,1,50.9
214205,9,30,37,8083.5,14.85,1,33.9
214205,9,30,36,8170.52,15.01,1,30.9
214205,9,30,37,8508.21,15.63,1,49.8
214205,9,30,29,8633.02,15.86,1,55.7
214205,9,30,29,8441.04,15.5,1,48.6
214205,9,30,47,8163.57,14.99,1,48.9
214205,9,30,39,14859.84,27.3,1,140.8
214205,9,30,30,8390.06,15.41,1,49.8
214205,9,30,45,9600.97,17.63,1,96.9
214205,9,30,35,8693.32,15.97,1,55.7
214205,9,30,37,10516.51,19.32,1,113.9
214205,9,30,47,8189.95,15.04,1,49.8
214205,9,30,62,13137.29,24.13,1,112.8
214205,9,30,60,15277.77,28.07,1,353.5
214205,9,30,53,14897.98,27.37,1,352.2
214205,9,30,57,15166.47,27.86,1,113.7
214205,9,30,50,8239.43,15.13,1,39.9
214205,9,30,61,16491.06,30.3,1,358.7
214205,9,30,52,12525.74,23.01,1,330.8
214205,9,30,42,9660.36,17.74,1,96.4
214205,9,30,36,14307.06,26.28,1,96.5
214205,9,30,32,8968.13,16.47,1,55.7
214205,9,30,61,14187.64,26.07,1,378
214205,9,30,51,13993.98,25.7,1,365.5
214205,9,30,44,9855.36,18.1,1,96.5
214205,9,30,37,9369.96,17.2,1,96.9
214205,9,44,37,5561.3,10.21,1,192.3
214205,9,44,29,6307.66,11.57,1,6.6
214205,9,44,36,5012.98,9.21,1,126.9
214205,9,44,30,5366.11,9.84,1,6.9
214205,9,44,30,7024.28,12.9,1,88.1
214205,9,44,26,4948.6,9.08,1,9.9
214205,9,44,29,3327.38,6.1,1,22.9
214205,9,30,37,3306.33,6.06,1,8.9
214205,9,44,55,2008.62,3.67,1,7.9
214205,9,42,34,4807.11,8.83,1,25.4
214205,9,22,60,3270,6,1,1.4
214205,9,44,63,17673.3,32.47,1,167.9
214205,9,30,27,3164.18,5.8,1,13.9
214205,9,44,51,18453.44,33.87,1,167.9
214205,9,30,50,3313.49,6.08,1,112.8
214205,9,20,61,3359.3,6.16,1,0.9
214205,9,44,53,3460.25,6.35,1,33.1
214205,9,44,41,3355.83,6.16,1,41.7
214205,9,44,25,3331.91,6.12,1,21.2
214205,9,30,39,3664.95,6.72,1,2.7
214205,9,30,29,3488,6.4,1,1.3
214205,9,36,29,3623.52,6.65,1,38.2
214205,9,44,54,5516.61,10.12,1,9.9
214205,9,44,30,5212.02,9.57,1,13.9
214205,9,20,44,2180,4,1,5.9
214205,9,44,32,4454.35,8.17,1,88.6
214205,9,15,63,1310.41,2.4,1,28.9
214205,9,44,28,5020.01,9.21,1,26.3
214205,9,22,41,3270,6,1,8.8
214205,9,36,30,3270,6,1,3.1
214205,9,36,33,3325.83,6.11,1,62.9
214205,9,40,31,4488.88,8.24,1,58.9
214205,9,44,22,3896.53,7.14,1,8.6
214205,9,44,30,8359.25,15.35,1,89.9
214205,9,22,38,3470.22,6.37,1,88.4
214205,9,44,31,4897.5,9,1,18.9
214205,9,44,42,3366.16,6.17,1,6
214205,9,44,39,3832.5,7.02,1,140.9
214205,9,44,39,3650,6.75,1,140.9
214205,9,44,39,3650,6.69,1,140.9
214205,9,20,31,3400.3,6.24,1,59.9
214205,9,22,39,3462.3,6.36,1,133.9
214205,9,44,29,6110.76,11.22,1,50.4
214205,9,44,37,4905,9,1,2.9
214205,9,44,63,1082.82,1.98,1,86.9
214205,9,44,44,1779.92,3.26,1,11.3
214205,9,22,36,2752.08,5.05,1,55.9
214205,9,44,51,1641.91,3.01,1,32.9
214205,9,44,42,4578.59,8.41,1,99.9
214205,9,36,26,3422.32,6.27,1,5.4
214205,9,36,23,3365.84,6.17,1,7.9
214205,9,30,33,3311.66,6.08,1,43.9
214205,9,30,32,3433.5,6.3,1,1.9
214205,9,44,62,2068.76,3.79,1,6
214205,9,44,51,3860.05,7.08,1,26.9
214205,9,22,57,3744.53,6.87,1,97.9
214205,9,22,28,3979.13,7.3,1,22.9
214205,9,44,29,3452.72,6.34,1,40.9
214205,9,40,30,2965.28,5.43,1,5.6
214205,9,40,31,2892.68,5.3,1,19.9
214205,9,44,29,5431.92,9.96,1,141.9
214205,9,44,27,5372.6,9.86,1,128.9
214205,9,44,29,5500,10.09,1,141.9
214205,9,44,29,5515.92,10.15,1,141.9
214205,9,44,29,5076,9.31,1,141.9
214205,9,44,27,7332,13.48,1,128.9
214205,9,44,27,5076,9.31,1,128.9
214205,9,44,27,5076,9.31,1,128.9
214205,9,44,27,5500,10.09,1,128.9
214205,9,44,31,2009.57,3.68,1,50.9
214205,9,44,88,811.64,1.48,1,129.9
214205,9,44,41,2531.87,4.64,1,171.9
214205,9,20,36,1860.06,3.41,1,66.5
214205,9,20,37,1240.76,2.27,1,98.5
214205,9,22,26,1483.71,2.71,1,10.7
214205,9,32,39,4781.6,8.78,1,140.9
214205,9,40,34,5341.44,9.81,1,118.5
214205,9,20,41,1473.3,2.7,1,23.4
214205,9,44,24,3560.82,6.52,1,4.8
214205,9,44,52,3312,6.08,1,174.9
214205,9,44,32,5041.25,9.26,1,34.3
214205,9,44,39,5068.5,9.31,1,26.9
214205,9,44,39,5640.75,10.35,1,26.9
214205,9,44,31,2143.68,3.93,1,41.5
214205,9,36,51,2790,5.11,1,33.4
214205,9,36,46,3270,6,1,3.4
214205,9,44,30,3987.9,7.32,1,38.9
214205,9,44,27,5446.86,9.99,1,5.9
214205,9,25,36,3593,6.6,1,50.9
214205,9,22,30,3410.16,6.26,1,40.3
214205,9,44,33,3270,6,1,1.9
214205,9,44,36,3255.83,5.98,1,28.9
214205,9,20,31,1235.22,2.26,1,57.9
214205,9,40,48,6166.66,11.31,1,1.9
214205,9,30,25,3337.6,6.13,1,23.9
214205,9,30,30,3337.61,6.13,1,38.8
214205,9,44,52,3720.83,6.83,1,106.9
214205,9,44,24,3148.83,5.77,1,10.7
214205,9,44,34,4398.96,8.07,1,111.9
214205,9,44,54,3144.66,5.77,1,21.6
214205,9,44,34,3507.62,6.44,1,32.9
214205,9,36,23,3270,6,1,3.9
214205,9,22,72,559.3,1.02,1,115.9
214205,9,20,60,3705.56,6.79,1,7.9
214205,9,44,43,1948.99,3.57,1,18.9
214205,9,40,56,23613.11,43.38,1,406.9
214205,9,40,51,22033.88,40.48,1,143.4
214205,9,36,38,3783.65,6.95,1,140.9
214205,9,44,23,3189.9,5.85,1,10.9
214205,9,44,35,2864.86,5.26,1,28.9
214205,9,20,32,5068.5,9.3,1,2.9
214205,9,44,30,2137.57,3.92,1,31.8
214205,9,44,37,4992.08,9.17,1,47.9
214205,9,36,30,4320,8,1,56.9
214205,9,44,34,5549.75,10.18,1,55
214205,9,44,26,4918.93,9.01,1,8.1
214205,9,44,33,6814.54,12.5,1,10.9
214205,9,44,24,6161.66,11.3,1,2.1
214205,9,44,29,2612.78,4.79,1,27.9
214205,9,44,32,7813.39,14.35,1,100.8
214205,9,29,30,1986.1,3.64,1,78.3
214205,9,44,44,4905,9,1,2.4
214205,9,44,39,4905,9,1,0.9
214205,9,10,39,457.68,0.83,1,88.9
214205,9,44,40,5033.75,9.25,1,59.9
214205,9,44,49,5033.75,9.25,1,20.9
214205,9,44,35,5033.75,9.25,1,21.7
214205,9,44,30,3290.83,6.04,1,87.9
214205,9,26,54,6296.81,11.56,1,12
214205,9,44,26,4850.7,8.92,1,12
214205,9,30,27,3435.13,6.3,1,19.4
214205,9,22,36,3492.08,6.41,1,12
214205,9,44,23,3044.46,5.59,1,10.3
214205,9,44,23,3013.2,5.52,1,10.3
214205,9,44,26,4741.39,8.69,1,12
214205,9,44,23,3088.23,5.65,1,10.3
214205,9,36,55,13554.87,24.9,1,53.4
214205,9,36,48,3931.44,7.22,1,28.9
214205,9,40,25,4992.65,9.17,1,29.7
214205,9,22,35,1617.5,2.97,1,125.9
214205,9,5,41,716,1.32,1,64.9
214205,9,30,30,3270,6,1,4.9
214205,9,30,24,1923.67,3.52,1,18.9
214205,9,30,24,959.22,1.76,1,18.9
214205,9,30,30,3270,6,1,4.9
214205,9,5,41,789.86,1.44,1,64.9
214205,9,30,24,1807.64,3.32,1,18.9
214205,9,30,24,2153.92,3.94,1,18.9
214205,9,44,34,3466.8,6.36,1,6.9
214205,9,40,31,6048.9,11.1,1,17.5
214205,9,20,29,3270,6,1,14.9
214205,9,20,34,4910,9,1,79.6
214205,9,20,34,4526,8.32,1,79.6
214205,9,20,29,3785.18,6.94,1,14.9
214205,9,20,29,3260,6.01,1,14.9
214205,9,20,34,4169.44,7.64,1,79.6
214205,9,20,29,3270,6,1,14.9
214205,9,42,47,6700.66,12.31,1,115.5
214205,9,30,29,3182.83,5.84,1,37.9
214205,9,24,32,3255.42,5.96,1,9.6
214205,9,24,28,3493.12,6.4,1,0.7
214205,9,44,39,2690.59,4.94,1,123.9
214205,9,44,28,1507.16,2.76,1,40.9
214205,9,44,47,3313.6,6.08,1,4.4
214205,9,36,33,3780,6.93,1,9
214205,9,36,33,3780,6.93,1,9
214205,9,30,24,2226.88,4.08,1,3.9
214205,9,36,41,4953.59,9.1,1,91.1
214205,9,36,33,3270,6,1,2.9
214205,9,44,42,4938.02,9.07,1,216.8
214205,9,30,61,3352.8,6.16,1,131.9
214205,9,30,37,3311.52,6.07,1,6.9
214205,9,30,32,3358.63,6.17,1,24.9
214205,9,44,47,2400,4.4,1,0.9
214205,9,34,28,5479.16,10.06,1,56.9
214205,9,44,25,4742.4,8.7,1,9.3
214205,9,44,26,5721.77,10.51,1,67.9
214205,9,44,29,4590,8.42,1,2.4
214205,9,36,31,3355.82,6.16,1,34.9
214205,9,40,49,4637.73,8.5,1,9.9
214205,9,40,38,4636.56,8.5,1,5.4
214205,9,40,29,4632.47,8.49,1,1.7
214205,9,44,32,3360.83,6.16,1,1.9
214205,9,44,39,6208,11.39,1,5.9
214205,9,44,38,6114,11.21,1,5.9
214205,9,44,43,6202.86,11.37,1,5.9
214205,9,44,30,5827.83,10.69,1,5.9
214205,9,44,30,6250.61,11.46,1,5.9
214205,9,44,31,4886.25,8.96,1,5.9
214205,9,44,35,9522.1,17.46,1,5.9
214205,9,44,38,6114,11.21,1,5.9
214205,9,44,43,6093,11.17,1,5.9
214205,9,44,43,6093,11.17,1,5.9
214205,9,44,30,8197.2,15.03,1,5.9
214205,9,44,38,6114,11.21,1,5.9
214205,9,44,39,6208,11.39,1,5.9
214205,9,44,30,6254.1,11.47,1,5.9
214205,9,44,30,6450.46,11.83,1,5.9
214205,9,44,32,3791.55,6.95,1,41.7
214205,9,44,54,2550,4.67,1,78.9
214205,9,44,28,2102.77,3.85,1,0.6
214205,9,44,31,4897.5,8.99,1,15.5
214205,9,36,27,3270,6,1,6.1
214205,9,22,32,2047.58,3.75,1,33.7
214205,9,44,24,3270,6,1,3.3
214205,9,20,60,2817.35,5.17,1,65.4
214205,9,20,33,3355.3,6.16,1,32.7
214205,9,30,25,3270,6,1,3.9
214205,9,36,36,4826.66,8.86,1,49.9
214205,9,44,23,4905,9,1,8.6
214205,9,30,30,3270,6,1,3.9
214205,9,30,51,3497.08,6.42,1,67.9
214205,9,44,31,1028.88,1.88,1,63.9
214205,9,44,46,1640.33,3,1,86.9
214205,9,30,42,3879.83,7.11,1,3.9
214205,9,44,33,4905,9,1,3.9
214205,9,44,32,5033.73,9.24,1,56.9
214205,9,44,35,4905,9,1,2.9
214205,9,30,41,3979.71,7.3,1,34.8
214205,9,44,37,3303,6.06,1,53.9
214205,9,30,29,3339.34,6.12,1,5.6
214205,9,30,24,3315.87,6.08,1,7.9
214205,9,44,42,1147.91,2.1,1,32.9
214205,9,20,30,3270,6,1,5.3
214205,9,44,29,3520.88,6.46,1,16.4
214205,9,44,34,1714.25,3.14,1,94.4
214205,9,44,36,3236.66,5.94,1,117.9
214205,9,30,33,4606.04,8.45,1,23.9
214205,9,44,37,5623.01,10.31,1,7.9
214205,9,40,35,8685.18,15.95,1,15.3
214205,9,44,37,4752.47,8.72,1,22.9
214205,9,44,36,5555.38,10.2,1,21.8
214205,9,44,31,4566.02,8.38,1,22.2
214205,9,22,44,3265,6,1,19.9
214205,9,44,39,5401.85,9.91,1,47.7
214205,9,44,28,3270,6,1,8.9
214205,9,30,26,2903.2,5.32,1,0.9
214205,9,30,26,696.8,1.27,1,0.9
214205,9,44,33,3412.95,6.27,1,23.6
214205,9,15,56,3098.75,5.69,1,20.6
214205,9,44,34,5333.83,9.79,1,16.9
214205,9,20,27,3330.49,6.11,1,5.2
214205,9,40,58,15589.04,28.64,1,398
214205,9,40,64,16357.66,30.05,1,463.9
214205,9,40,63,16978.92,31.2,1,401.8
214205,9,40,61,16229.69,29.82,1,430.1
214205,9,40,65,14027.98,25.77,1,394.9
214205,9,40,61,16001.58,29.39,1,394.9
214205,9,40,58,14930.87,27.43,1,328.3
214205,9,40,56,15431.72,28.34,1,357
214205,9,40,41,8684.23,15.93,1,3.3
214205,9,40,42,13433.22,24.68,1,192.9
214205,9,22,46,4135.26,7.58,1,112.9
214205,9,40,67,16357.66,30.05,1,463.9
214205,9,40,61,16421.99,30.2,1,431.9
214205,9,40,59,14622.96,26.86,1,423.9
214205,9,40,56,16067.57,29.52,1,398
214205,9,40,57,17050.72,31.32,1,397.9
214205,9,40,51,8163.19,14.97,1,3.3
214205,9,40,67,16145.57,29.66,1,394
214205,9,40,57,16516.07,30.35,1,394.9
214205,9,40,32,5945.87,10.92,1,39.9
214205,9,16,45,951.04,1.74,1,9.9
214205,9,40,34,3010.75,5.52,1,80.3
214205,9,44,28,1476.85,2.71,1,40.8
214205,9,44,27,8295.23,15.24,1,34.6
214205,9,44,25,6217.86,11.41,1,11.9
214205,9,44,23,3786.84,6.94,1,0.5
214205,9,44,48,6114.29,11.21,1,6.5
214205,9,44,27,5095.83,9.36,1,12.6
214205,9,44,37,5244.38,9.61,1,4.2
214205,9,44,37,4764.8,8.75,1,116.9
214205,9,44,33,4709.03,8.64,1,14.3
214205,9,22,36,5543.31,10.18,1,30.9
214205,9,7,48,1134.78,2.08,1,5.7
214205,9,20,56,2650,4.86,1,41.9
214205,9,30,31,3270,6,1,8.4
214205,9,20,29,3270,6,1,21.6
214205,9,20,56,2650,4.86,1,41.9
214205,9,20,56,2650,4.86,1,41.9
214205,9,20,56,2650,4.9,1,41.9
214205,9,20,29,3139.2,5.76,1,21.6
214205,9,20,56,2491,4.61,1,41.9
214205,9,20,29,3263.87,5.98,1,21.6
214205,9,20,29,3255,6,1,21.6
214205,9,20,29,3255,6,1,21.6
214205,9,20,56,2784.36,5.1,1,41.9
214205,9,30,31,2828.97,5.18,1,8.4
214205,9,20,29,3275.81,6.01,1,21.6
214205,9,30,31,3270,6,1,8.4
214205,9,20,29,3270,6,1,21.6
214205,9,20,56,2650,4.86,1,41.9
214205,9,30,31,3270,6,1,8.4
214205,9,20,29,3274.69,6,1,21.6
214205,9,44,48,362.75,0.66,1,56.4
214205,9,44,48,3626.79,6.65,1,56.4
214205,9,44,48,243.33,0.44,1,56.4
214205,9,20,44,3597.03,6.6,1,0.9
214205,9,44,28,7355.8,13.51,1,130.3
214205,9,44,29,4700,8.61,1,3.8
214205,9,44,27,6169.3,11.33,1,53.9
214205,9,44,35,5165.98,9.49,1,29.9
214205,9,40,26,1536.26,2.81,1,4.7
214205,9,10,78,1269.35,2.32,1,75.7
214205,9,44,42,7400.76,13.59,1,86.9
214205,9,44,33,7655.49,14.04,1,7.7
214205,9,36,44,6060.77,11.12,1,0.6
214205,9,29,25,3355.83,6.16,1,19.4
214205,9,44,31,3943.55,7.24,1,78.9
214205,9,30,24,3411.85,6.26,1,13.9
214205,9,44,51,3211.91,5.9,1,15.9
214205,9,40,25,5498.81,10.09,1,29.5
214205,9,40,28,4673.86,8.57,1,7.4
214205,9,24,56,2688.04,4.93,1,14.9
214205,9,24,51,2081.66,3.82,1,11.9
214205,9,20,33,1072.77,1.96,1,9.3
214205,9,30,27,3270,6,1,0.4
214205,9,22,38,900,1.65,1,82.9
214205,9,44,30,4987.18,9.16,1,69.9
214205,9,40,37,13823.8,25.39,1,144.9
214205,10,40,33,7699.77,14.14,1,76.9
214205,10,40,34,8941.49,16.42,1,39.9
214205,10,41,33,11589.1,21.25,1,7.9
214205,10,41,37,10775.59,19.77,1,2.9
214205,10,40,54,6250.74,11.48,1,108.4
214205,10,30,45,2459.51,4.51,1,40.3
214205,10,30,48,6512.09,11.96,1,37.4
214205,10,30,51,2701.5,4.95,1,41.9
214205,10,40,31,8921.42,16.38,1,21
214205,10,40,33,5328.75,9.78,1,54.6
214205,10,40,34,5368.12,9.86,1,62.9
214205,10,40,46,5032.52,9.24,1,62.9
214205,11,30,54,15923.03,29.26,1,363.4
214205,11,44,62,10032.83,18.43,1,299.9
214205,5,40,30,2361.99,4.32,2,2.9
214205,6,44,44,3378.87,6.2,2,22.4
214205,7,44,38,1732.78,3.17,2,19.9
214205,7,44,30,1561.31,2.86,2,39.7
214205,7,36,32,3065.12,5.62,2,19.9
214205,7,44,26,5028.29,9.22,2,8.5
214205,7,44,25,1992,3.65,2,67.5
214205,7,36,32,3247.4,5.95,2,8.6
214205,7,44,27,2800.28,5.13,2,6.9
214205,7,44,26,609.75,1.11,2,21.9
214205,7,44,26,1918.99,3.51,2,21.9
214205,7,44,26,2620,4.8,2,21.9
214205,7,44,26,2500,4.62,2,21.9
214205,7,44,26,1738.09,3.18,2,21.9
214205,7,44,37,2100,3.85,2,19.9
214205,7,20,27,2159.23,3.96,2,11.9
214205,8,44,26,4542.72,8.34,2,47.9
214205,8,20,27,2284.26,4.19,2,21.9
214205,8,44,30,4385.48,8.04,2,8.9
214205,8,44,25,2000,3.66,2,34.9
214205,8,44,24,3630,6.65,2,5.6
214205,9,40,26,5037.06,9.25,2,28.8
214205,9,40,28,3805.63,7.04,2,52.8
214205,9,30,28,3398.12,6.23,2,9.5
214205,9,30,28,3315.11,6.08,2,9.5
214205,9,40,28,4448.27,8.16,2,52.8
214205,9,40,28,4448.6,8.23,2,52.8
214205,9,30,28,3379.9,6.19,2,9.5
214205,9,40,28,3796.3,6.96,2,52.8
214205,9,30,28,3173.11,5.82,2,9.5
214205,9,40,28,4783.5,8.77,2,52.8
214205,9,44,51,3270,6,2,1.9
214205,9,36,49,3242.72,5.95,2,10.7
214205,9,30,39,4491.64,8.25,2,83.9
214205,9,44,41,2533.57,4.65,2,59.8
214205,9,36,45,3857.09,7.08,2,22.4
214205,9,44,29,4962.83,9.11,2,24.2
214205,9,44,44,6319.1,11.6,2,64.5
214205,9,44,33,5154.53,9.46,2,58.6
214205,9,44,32,4616.65,8.47,2,4.4
214205,9,44,33,4681.92,8.59,2,4.9
214205,9,44,26,4787.97,8.79,2,41.4
214205,9,44,32,4590,8.42,2,7.2
214205,9,40,29,1373.7,2.51,2,29.8
214205,9,44,26,6136.82,11.27,2,33.4
214205,9,44,28,6136.82,11.27,2,33.4
214205,9,44,26,3298.43,6.05,2,4.7
214205,9,44,29,3270,6,2,4.9
214205,9,11,35,1356.89,2.48,2,73.9
214205,9,44,40,3561.7,6.54,2,45.9
214205,9,36,23,3270,6,2,8.8
214205,9,30,57,3295.27,6.05,2,14.4
214205,9,44,40,5170.5,9.49,2,17.5
214205,9,44,27,5049,9.27,2,45.9
214205,9,44,27,3260,5.99,2,21.6
214205,9,44,33,5027.62,9.22,2,3.9
214205,9,44,25,4975.07,9.12,2,6.9
214205,9,44,25,4896.81,8.99,2,10.6
214205,9,36,42,4014,7.36,2,1.7
214205,9,44,33,4946.69,9.08,2,31.6
214205,9,44,28,4926.38,9.04,2,40.9
214205,9,44,32,6881.87,12.64,2,45.6
214205,9,36,30,1993.08,3.65,2,12.9
214205,9,41,35,3693.25,6.77,2,10.3
214205,9,41,25,3656.25,6.7,2,4.3
214205,9,24,29,3941.25,7.22,2,7.2
214205,9,44,29,5287.41,9.69,2,6.9
214205,9,40,29,3616.69,6.64,2,22.9
214205,9,20,34,1090,2,2,6.9
214205,9,40,33,4738.15,8.7,2,22.9
214205,9,8,27,5493.88,10.08,2,37.9
214205,9,40,30,5310.13,9.73,2,22.6
214205,9,44,23,1508.52,2.76,2,7.7
214205,9,35,25,3998.78,7.33,2,2.9
214205,9,35,24,3825.02,7.01,2,9.2
214205,9,44,25,4340.32,7.95,2,9.9
214205,9,44,26,4863.07,8.92,2,14.7
214205,9,44,28,5665.59,10.39,2,7.4
214205,9,44,24,3119.07,5.72,2,14.9
214205,9,44,39,6164.54,11.32,2,15.9
214205,9,44,35,5312.93,9.75,2,10.9
214205,9,44,26,5986.93,10.99,2,44.4
214205,9,44,27,4350.96,7.99,2,39.2
214205,9,40,49,9062.19,16.64,2,214.9
214205,9,40,53,10978.91,20.17,2,314.5
214205,9,44,26,5768.6,10.59,2,11.8
214205,9,40,37,7988.35,14.67,2,51.3
214205,9,40,30,5502.38,10.11,2,50.2
214205,9,44,28,6647.2,12.2,2,21.7
214205,9,44,29,6448.78,11.83,2,10.9
214205,9,40,30,4905,9,2,4.7
214205,9,40,28,5002.11,9.18,2,23.6
214205,9,40,31,8137.14,14.94,2,93.7
214205,9,40,25,3915.95,7.18,2,15.9
214205,9,44,25,5768.6,10.59,2,14.8
214205,9,44,24,5768.6,10.59,2,15.9
214205,9,40,28,5829.75,10.7,2,47.9
214205,9,44,27,6973.3,12.79,2,4.6
214205,9,44,26,6117.6,11.22,2,5.5
214205,9,44,51,10897.28,20.01,2,38.5
214205,9,44,29,5000,9.17,2,1.4
214205,9,40,26,3358.85,6.16,2,17.9
214205,9,44,30,8974,16.46,2,2.9
214205,9,44,28,1432.07,2.62,2,36.9
214205,9,44,31,1411.3,2.58,2,9.9
214205,9,44,42,3593.43,6.59,2,46.1
214205,9,44,36,4521.56,8.3,2,14.4
214205,9,44,43,5033.75,9.25,2,29.5
214205,9,40,26,4535.49,8.32,2,8.1
214205,9,40,26,3593.82,6.58,2,8.6
214205,9,44,23,2298.15,4.21,2,44.8
214205,9,44,31,4509,8.28,2,36.8
214205,9,44,28,4070.5,7.46,2,8.1
214205,9,44,36,5927.73,10.89,2,15.9
214205,9,44,40,5676.96,10.42,2,23.8
214205,9,44,25,3574.03,6.55,2,8.6
214205,9,44,28,7314.29,13.44,2,20.9
214205,9,40,25,3542.5,6.5,2,3.9
214205,9,40,28,4350.02,7.99,2,18.9
214205,9,44,35,4738,8.69,2,9.3
214205,9,40,29,3834.3,7.02,2,8.4
214205,9,44,42,4940.03,9.06,2,9.4
214205,9,36,34,3597.22,6.6,2,42.9
214205,9,44,34,3066.69,5.62,2,111.9
214205,9,40,28,1357.39,2.48,2,34.9
214205,9,40,26,2478.74,4.54,2,17.3
214205,9,44,25,1760.87,3.22,2,95.8
214205,9,44,27,1126.66,2.06,2,39.9
214205,9,44,36,2937.92,5.39,2,51.4
214205,9,30,24,2000,3.66,2,2.5
214205,9,44,27,3455.75,6.34,2,39.7
214205,9,44,24,3112.18,5.7,2,4.4
214205,9,44,32,6509.44,11.95,2,53.4
214205,9,44,43,4894.62,8.99,2,73.6
214205,9,44,33,3321.65,6.09,2,1.9
214205,9,44,31,6068.53,11.14,2,23.3
214205,9,44,27,6248.17,11.47,2,51.4
214205,9,44,41,5941.89,10.91,2,11.3
214205,9,44,28,4900.9,9,2,10.9
214205,9,36,35,4290.97,7.88,2,207.9
214205,9,44,49,3306.66,6.07,2,172.9
214205,9,44,26,4879.12,8.96,2,61.5
214205,9,41,25,5322.47,9.77,2,43.6
214205,9,41,34,6915.02,12.68,2,7.8
214205,9,44,27,6705,12.3,2,6.8
214205,9,44,23,3589.36,6.58,2,7.2
214205,9,41,24,3580.06,6.56,2,5.8
214205,9,41,48,10775.59,19.77,2,2.9
214205,9,41,50,4245.65,7.79,2,219.3
214205,9,30,33,2109.43,3.87,2,16.8
214205,9,44,44,4154.82,7.62,2,41.9
214205,9,44,39,4075.9,7.48,2,39.9
214205,9,44,34,4401.36,8.08,2,78.9
214205,9,44,23,2622.38,4.81,2,19.9
214205,9,30,28,4084.76,7.5,2,50.9
214205,9,44,30,1307,2.39,2,42.7
214205,9,30,33,3337.16,6.13,2,19.9
214205,9,44,33,4987.18,9.16,2,129.8
214205,9,26,31,4062.32,7.46,2,91.4
214205,9,40,26,4908.79,9,2,2.9
214205,9,40,36,4936.64,9.05,2,9.3
214205,9,40,30,1968.22,3.61,2,0.9
214205,9,30,25,3287.33,6.03,2,11.6
214205,9,36,38,2606.91,4.78,2,5.4
214205,9,36,31,2438.34,4.47,2,12.7
214205,9,36,33,2306.91,4.23,2,31.3
214205,9,30,29,1385.86,2.54,2,45.9
214205,9,24,24,1444.82,2.64,2,5.8
214205,9,36,54,3109.51,5.7,2,203.9
214205,9,5,35,244.99,0.44,2,56.9
214205,9,5,38,258.34,0.47,2,189.9
214205,9,40,29,5174.55,9.5,2,31.1
214205,9,20,30,3299.9,6.06,2,18.9
214205,9,44,28,5141.16,9.43,2,2.9
214205,9,44,32,5198.39,9.55,2,56.9
214205,9,40,28,5332.91,9.79,2,51.4
214205,9,44,25,4663.18,8.55,2,8.8
214205,9,40,25,1619.56,2.96,2,3.9
214205,9,40,23,3270,6,2,1.9
214205,9,30,35,3462.72,6.35,2,10.5
214205,9,40,31,3218.94,5.91,2,102.9
214205,9,30,36,2334.53,4.28,2,45.1
214205,9,40,25,2950.58,5.41,2,5.9
214205,9,20,40,2935.82,5.38,2,106.5
214205,9,20,29,2351.41,4.31,2,21.9
214205,9,44,24,4127.51,7.57,2,5.6
214205,9,44,39,3337.32,6.13,2,82.9
214205,9,30,28,2427.23,4.45,2,38.5
214205,9,44,35,4118.66,7.55,2,5.8
214205,9,40,51,15751.07,28.94,2,311.3
214205,9,40,27,8611.55,15.81,2,19.9
214205,9,40,33,8453.33,15.52,2,19.9
214205,9,40,43,6340,11.64,2,14.9
214205,9,30,60,11334.27,20.82,2,286.6
214205,9,40,36,4891.66,8.98,2,82.4
214205,9,44,31,3011.14,5.52,2,41.5
214205,9,20,27,1483.08,2.71,2,5.9
214205,9,30,38,1424.23,2.61,2,165.9
214205,9,40,52,2738.39,5.03,2,121.8
214205,9,44,24,4800.9,8.8,2,5.9
214205,9,44,25,2312.2,4.23,2,8.9
214205,9,40,36,1830.93,3.35,2,106.7
214205,9,30,40,1769.78,3.24,2,130.3
214205,9,40,34,3087.23,5.66,2,44.9
214205,9,40,25,2982.84,5.47,2,4.9
214205,9,20,28,1493.52,2.73,2,11.3
214205,9,40,32,4513.57,8.28,2,32.4
214205,9,40,44,4657.12,8.55,2,117.6
214205,9,40,25,2044.98,3.75,2,17.9
214205,9,30,29,3274.51,6.01,2,55.9
214205,9,40,31,4462.92,8.19,2,42.9
214205,9,40,34,4559.84,8.37,2,30.9
214205,9,22,33,2461.89,4.52,2,71.4
214205,9,35,23,3197.5,5.86,2,0.9
214205,9,35,30,4265.62,7.83,2,12.8
214205,9,35,22,3591.87,6.58,2,1.7
214205,9,35,29,4704.79,8.63,2,46.7
214205,9,35,32,6191.53,11.37,2,116.9
214205,9,35,29,4953.13,9.09,2,47.7
214205,9,44,35,4739.97,8.7,2,141.5
214205,9,30,27,3663.33,6.72,2,14.7
214205,9,22,34,1664,3.05,2,121.9
214205,9,44,52,7612.72,13.98,2,248.9
214205,9,40,32,3637.32,6.67,2,99.4
214205,9,30,44,2491.6,4.56,2,9.7
214205,9,30,31,3265.7,5.99,2,80.9
214205,9,40,54,6445.4,11.83,2,153.4
214205,9,30,33,5052.54,9.27,2,98.9
214205,9,30,33,2746.6,5.04,2,20.6
214205,9,44,48,5512.84,10.11,2,79.4
214205,9,40,28,4317.46,7.92,2,0.9
214205,9,44,30,1174.14,2.15,2,10.9
214205,9,30,26,3523.76,6.46,2,9.1
214205,9,30,57,5602.14,10.29,2,188.7
214205,9,30,26,1778.5,3.26,2,1.9
214205,9,30,31,2949.52,5.41,2,0.9
214205,9,30,23,2183.41,4,2,0.5
214205,9,40,58,11568.6,21.25,2,188.4
214205,9,40,42,2831.01,5.19,2,6.9
214205,9,44,35,1728.58,3.17,2,103.9
214205,9,30,32,2424.6,4.45,2,17.9
214205,9,30,50,2769.79,5.08,2,24.8
214205,9,44,52,4728.22,8.68,2,95.8
214205,9,44,54,4810.67,8.83,2,239.1
214205,9,44,49,6013.19,11.04,2,239.3
214205,9,44,38,5707.38,10.48,2,138.9
214205,9,30,28,3403.66,6.25,2,23.6
214205,9,44,45,4176.73,7.66,2,173.9
214205,9,44,38,2953.04,5.42,2,40.6
214205,9,44,35,2830.12,5.18,2,5.3
214205,9,44,54,4229.69,7.77,2,235.4
214205,9,44,39,6838.01,12.56,2,94.4
214205,9,44,45,6795.33,12.48,2,244.6
214205,9,44,45,4205.01,7.72,2,130.9
214205,9,44,32,3753.79,6.89,2,51.6
214205,9,44,49,5352.94,9.83,2,283.8
214205,9,44,33,3078.4,5.65,2,56.9
214205,9,44,30,3171.8,5.82,2,59.2
214205,9,44,47,7029.64,12.91,2,244.9
214205,9,40,51,5231.63,9.61,2,89.9
214205,9,40,51,15867.75,29.16,2,333.9
214205,9,40,50,3293.32,6.04,2,28.8
214205,9,40,38,10095.22,18.54,2,156.2
214205,9,40,33,8057.13,14.8,2,64.9
214205,9,35,53,3347.96,6.14,2,310.9
214205,9,44,25,2161.95,3.96,2,15.9
214205,9,36,24,3337.63,6.13,2,35.6
214205,9,44,28,1014.14,1.85,2,22.9
214205,9,30,52,12188.76,22.39,2,360.5
214205,9,30,55,11694.78,21.49,2,352.4
214205,9,36,52,12136.74,22.3,2,323.9
214205,9,40,50,14218.61,26.12,2,352.9
214205,9,40,51,15919.5,29.25,2,333.9
214205,9,30,37,4028.45,7.39,2,104.9
214205,9,44,29,3617.93,6.64,2,20.8
214205,9,44,38,5244.24,9.63,2,116.9
214205,9,44,58,8134.61,14.94,2,229.9
214205,9,44,33,5455.18,10,2,10.9
214205,9,40,33,5103.15,9.37,2,26.5
214205,9,36,24,3314.06,6.08,2,15.5
214205,9,40,43,2183.41,4,2,0.8
214205,9,40,54,7105.82,13.05,2,307.8
214205,9,30,33,2183.41,4,2,0.8
214205,9,36,32,4728.33,8.68,2,34.9
214205,9,44,31,3270,6,2,10.9
214205,9,44,35,6066.94,11.14,2,19.6
214205,9,44,52,3878.39,7.12,2,356.9
214205,9,40,43,3022.17,5.55,2,20.5
214205,9,40,30,2938.88,5.39,2,20.8
214205,9,40,56,7310.6,13.42,2,375.9
214205,9,40,49,9523.66,17.49,2,317.6
214205,9,40,29,3017.23,5.54,2,20.5
214205,9,20,51,3439,6.31,2,90.9
214205,9,40,35,2938.88,5.39,2,19.4
214205,9,40,22,2989.32,5.48,2,1.6
214205,9,40,28,3985.77,7.31,2,1.3
214205,9,40,28,4718.97,8.66,2,18.9
214205,9,40,30,4543.95,8.36,2,22.6
214205,9,40,31,3118.1,5.72,2,22.7
214205,9,40,58,13920.44,25.57,2,419.9
214205,9,44,33,4953.08,9.08,2,5.5
214205,9,44,42,5046.21,9.26,2,151.9
214205,9,44,38,5850.08,10.74,2,147.9
214205,9,20,31,3294.5,6.05,2,40.3
214205,9,30,32,3445.88,6.33,2,116.9
214205,9,44,37,4852.29,8.91,2,40.9
214205,9,44,34,6662.17,12.23,2,140.9
214205,9,40,31,5587.2,10.34,2,81.5
214205,9,30,32,3270,6,2,19.9
214205,9,30,32,3358,6.16,2,19.9
214205,9,30,32,3060,5.66,2,19.9
214205,9,30,45,1731.15,3.17,2,93.4
214205,9,40,31,3298.32,6.05,2,22.4
214205,9,44,32,5470.71,10.03,2,6.5
214205,9,44,26,3815,7,2,8.9
214205,9,14,28,1905.34,3.49,2,40.9
214205,9,44,37,5919.56,10.87,2,215.8
214205,9,44,47,1830,3.35,2,182.9
214205,9,40,32,4718.18,8.66,2,32.5
214205,9,44,46,4653,8.53,2,4.9
214205,9,36,24,3327.6,6.1,2,4.5
214205,9,44,35,2698.19,4.95,2,52.7
214205,9,44,26,4400.41,8.08,2,21.5
214205,9,44,27,4735.44,8.68,2,4.2
214205,9,16,43,1244.43,2.28,2,58.9
214205,9,20,27,3046.54,5.59,2,18.9
214205,9,44,39,4659.75,8.55,2,9.5
214205,9,44,31,4548.27,8.34,2,3.3
214205,9,22,26,2394.93,4.39,2,16.9
214205,9,44,35,4327.41,7.94,2,34.9
214205,9,40,33,6917.84,12.7,2,82.9
214205,9,40,35,7874.44,14.46,2,105.6
214205,9,40,30,6892.7,12.66,2,42.9
214205,9,40,53,14932.96,27.43,2,270.9
214205,9,40,56,5928.79,10.88,2,14.4
214205,9,40,48,5428.64,9.97,2,17.3
214205,9,44,33,5176.05,9.5,2,41.9
214205,9,44,34,6692.96,12.29,2,75.8
214205,9,44,39,5014,9.2,2,4.9
214205,9,44,24,3587.68,6.58,2,13.6
214205,9,44,24,3279.32,6.01,2,12.5
214205,9,44,24,3277.33,6.01,2,11.9
214205,9,44,29,4902.16,9,2,12.9
214205,9,44,30,5160.15,9.47,2,41.9
214205,9,44,30,6631.24,12.17,2,41.9
214205,9,44,28,6766.93,12.42,2,33.9
214205,9,44,32,13966.66,25.65,2,41.9
214205,9,44,33,7261.22,13.33,2,41.9
214205,9,44,36,5348.04,9.82,2,41.9
214205,9,44,27,5172.73,9.5,2,41.4
214205,9,44,25,3556,6.52,2,12.5
214205,9,44,26,4937.45,9.06,2,30.4
214205,9,44,47,5038.95,9.25,2,13.7
214205,9,44,38,9048.61,16.62,2,41.9
214205,9,44,25,5735.36,10.52,2,3.8
214205,9,44,24,4003,7.35,2,16.7
214205,9,44,37,6677.49,12.26,2,11.9
214205,9,44,26,3284.36,6.02,2,10.7
214205,9,44,27,5225.9,9.59,2,41.9
214205,9,44,29,5283.41,9.7,2,41.9
214205,9,44,46,9340.74,17.15,2,13.9
214205,9,44,24,3462.54,6.35,2,10.5
214205,9,44,24,3556,6.52,2,12.5
214205,9,44,40,3640,6.68,2,83.4
214205,9,44,28,4825.52,8.85,2,7.9
214205,9,44,28,5837.06,10.72,2,21.9
214205,9,44,28,6102.48,11.2,2,17.6
214205,9,30,47,7725.8,14.19,2,18.7
214205,9,30,43,7622.51,14,2,18.7
214205,9,30,30,7609.21,13.97,2,18.7
214205,9,30,41,7799.81,14.32,2,18.7
214205,9,30,31,8932.81,16.41,2,48.6
214205,9,30,39,8412.33,15.45,2,44.7
214205,9,44,49,4588.85,8.41,2,10.9
214205,9,44,26,2021.58,3.7,2,7.9
214205,9,44,28,2081.32,3.81,2,7.9
214205,9,43,29,3141.96,5.77,2,64.9
214205,9,36,51,3265,6,2,33.9
214205,9,44,28,1597.76,2.93,2,34.9
214205,9,44,43,5020.01,9.21,2,190.3
214205,9,44,26,3843.79,7.04,2,7.9
214205,9,44,33,4994.92,9.17,2,97.9
214205,9,44,39,5038.91,9.25,2,157.3
214205,9,44,32,4905,9,2,4.2
214205,9,26,52,3478.49,6.39,2,178.9
214205,9,44,26,5156.59,9.47,2,15.9
214205,9,30,33,2681.86,4.92,2,11.9
214205,9,40,25,2532.92,4.64,2,8.6
214205,9,44,36,5068.5,9.3,2,121.9
214205,9,44,33,5041.25,9.26,2,22.9
214205,9,44,36,4905,9.05,2,121.9
214205,9,44,30,3058.13,5.61,2,11.9
214205,9,44,25,3006.16,5.51,2,9.5
214205,9,36,28,3270,6,2,3.9
214205,9,30,29,3367.43,6.18,2,45.9
214205,9,22,32,4290,7.88,2,82.9
214205,9,44,32,2487.05,4.56,2,81.9
214205,9,36,39,3355.83,6.16,2,25.8
214205,9,40,49,11591.23,21.29,2,135.9
214205,9,44,23,3297.53,6.05,2,10.8
214205,9,44,29,1635.41,3,2,24.5
214205,9,36,33,3720,6.82,2,0.9
214205,9,22,34,2180,4,2,4.9
214205,9,24,27,3240,5.94,2,1
214205,9,36,30,3246,5.96,2,23.3
214205,9,44,26,4800,8.8,2,4.2
214205,9,44,28,4267.83,7.83,2,32.5
214205,9,44,31,4244.89,7.79,2,53.7
214205,9,20,34,1360.18,2.49,2,41.9
214205,9,20,34,1408.03,2.58,2,41.9
214205,9,30,26,3358.63,6.17,2,35.8
214205,9,44,29,5721.77,10.51,2,40.4
214205,9,36,29,3569.82,6.55,2,65.4
214205,9,44,36,9616.9,17.66,2,56.6
214205,9,30,26,3817.14,7,2,3.7
214205,9,44,35,5650.52,10.36,2,5.9
214205,9,8,34,1200,2.2,2,6.3
214205,9,44,31,4590,8.44,2,37.6
214205,9,44,31,5172.93,9.48,2,37.6
214205,9,44,54,5033.75,9.25,2,28.2
214205,9,44,39,5033.73,9.24,2,26.7
214205,9,30,33,3315.87,6.08,2,7.9
214205,9,35,33,4172.77,7.66,2,80.9
214205,9,44,32,2250,4.12,2,0.9
214205,9,44,32,5041.25,9.26,2,23.3
214205,9,44,33,5548.4,10.19,2,51.9
214205,9,44,24,5249.4,9.64,2,21.5
214205,9,44,48,1883.01,3.45,2,38.9
214205,9,20,28,3654,6.7,2,32.9
214205,9,40,37,7902.65,14.49,2,3.3
214205,9,40,37,8684.23,15.93,2,3.3
214205,9,40,32,8076.33,14.81,2,3
214205,9,40,31,7381.59,13.54,2,3.2
214205,9,40,56,15058.49,27.66,2,393.9
214205,9,44,28,5146.17,9.45,2,70.5
214205,9,44,26,2997.16,5.49,2,10.9
214205,9,44,33,4383.74,8.05,2,33.9
214205,9,44,24,4549.06,8.35,2,17.9
214205,9,44,31,4086.74,7.5,2,22.2
214205,9,44,27,3547.14,6.51,2,29
214205,9,30,29,3227.82,5.92,2,11.9
214205,9,44,27,4888.42,8.97,2,65.9
214205,9,44,57,4119.81,7.55,2,8.9
214205,9,30,24,3281.61,6.01,2,9.9
214205,10,40,50,18459.49,33.91,2,307.5
214205,10,44,38,8477.79,15.55,2,5.4
214205,10,30,33,2347.82,4.3,2,39.6
214205,10,30,52,4746.88,8.71,2,219.9
214205,10,35,40,4311.8,7.91,2,5.1
214205,10,35,35,4297.14,7.88,2,5.1
214205,10,40,33,4565.98,8.38,2,17.8
